-- inserting dummy data
-- generated with https://www.mockaroo.com/

USE prefab_sales;

DELETE FROM Projects;
DELETE FROM SalesPersons;
DELETE FROM Prospects;
DELETE FROM Addresses;
DELETE FROM PersonOfContacts;
DELETE FROM ProjectsSalesPersons;
DELETE FROM BidElements;
DELETE FROM TypeOfElements;
DELETE FROM Accessories;
DELETE FROM AccessoriesBidElements;
DELETE FROM client_types;
DELETE FROM project_types;
DELETE FROM construction_types;
DELETE FROM project_statuses;


INSERT INTO SalesPersons (id, email, first_name, last_name) VALUES 
(1, 'hmcilvenny0@japanpost.jp', 'Hermie', 'McIlvenny'),
(2, 'gamsberger1@chron.com', 'Gus', 'Amsberger'),
(3, 'kgodthaab2@slideshare.net', 'Kale', 'Godthaab'),
(4, 'htumbelty3@engadget.com', 'Hazel', 'Tumbelty'),
(5, 'sprott4@ted.com', 'Selina', 'Prott'),
(6, 'edaouse5@qq.com', 'Edvard', 'Daouse'),
(7, 'bmcpaike6@msn.com', 'Babb', 'McPaike'),
(8, 'rnannoni7@baidu.com', 'Rubin', 'Nannoni'),
(9, 'jlarose8@eventbrite.com', 'Jakob', 'Larose'),
(10, 'streslove9@usgs.gov', 'Syd', 'Treslove');

INSERT INTO Addresses VALUES
(1, '2618 Redwing Terrace', 'Paris 19', 'France', '75934 CEDEX 19'),
(2, '07 Tony Road', 'Wugong', 'China', null),
(3, '6 Judy Junction', 'Obolensk', 'Russia', '142279'),
(4, '4541 Iowa Street', 'La Unión', 'Peru', null),
(5, '83918 Vera Street', 'Bangassou', 'Central African Republic', null),
(6, '1 Corry Plaza', 'Qianjia', 'China', null),
(7, '58674 Autumn Leaf Alley', 'Sunzhen', 'China', null),
(8, '13421 Montana Trail', 'Changdai', 'China', null),
(9, '76562 Russell Center', 'Ţammūn', 'Palestinian Territory', null),
(10, '10 Oneill Plaza', 'Liushi', 'China', null),
(11, '83 Jackson Alley', 'Stockholm', 'Sweden', '103 11'),
(12, '83317 Nobel Trail', 'Gludug', 'Indonesia', null),
(13, '506 Huxley Parkway', 'Oujiangcha', 'China', null),
(14, '8 Parkside Park', 'Melaka', 'Malaysia', '75518'),
(15, '67 Mesta Circle', 'Dhrosiá', 'Greece', null),
(16, '77 Kingsford Court', 'Hanjia', 'China', null),
(17, '68308 Loftsgordon Lane', 'Burgeo', 'Canada', 'N9A'),
(18, '41819 1st Pass', 'Zhiletovo', 'Russia', '249849'),
(19, '673 Fremont Circle', 'Nabunturan', 'Philippines', '8106'),
(20, '7 Lunder Avenue', 'Hengli', 'China', null),
(21, '8 Elmside Street', 'Wielbark', 'Poland', '12-160'),
(22, '88 Johnson Center', 'Ob’', 'Russia', '633104'),
(23, '5371 Westerfield Point', 'Masingbi', 'Sierra Leone', null),
(24, '4 Holmberg Plaza', 'Sarimukti Kaler', 'Indonesia', null),
(25, '1 Goodland Plaza', 'Rancapare', 'Indonesia', null),
(26, '86 Independence Way', 'Jamaica', 'United States', '11470'),
(27, '0116 Northridge Drive', 'Budta', 'Philippines', '1774'),
(28, '91 Kropf Avenue', 'Jianggao', 'China', null),
(29, '26973 Prairie Rose Junction', 'Ādilpur', 'Pakistan', '65111'),
(30, '7994 Lillian Pass', 'Al Maţarīyah', 'Egypt', null),
(31, '26 Forest Run Lane', 'Palue', 'Indonesia', null),
(32, '991 Mccormick Place', 'Polykárpi', 'Greece', null),
(33, '1 Luster Point', 'Dongbei', 'China', null),
(34, '5733 Sunnyside Park', 'Nankun', 'China', null),
(35, '82670 Amoth Circle', 'Buenos Aires', 'Peru', null),
(36, '353 Continental Drive', 'Liulin', 'China', null),
(37, '37360 Ridge Oak Center', 'Oklahoma City', 'United States', '73179'),
(38, '9 Division Pass', 'Ostroróg', 'Poland', '02-072'),
(39, '1 Anniversary Avenue', 'Urug', 'Indonesia', null),
(40, '8641 Sage Court', 'Fresnes', 'France', '94269 CEDEX'),
(41, '8236 Glendale Road', 'Gala', 'Portugal', '3090-710'),
(42, '32 Fieldstone Junction', 'Dongtundu', 'China', null),
(43, '5535 Truax Circle', 'Fray Bentos', 'Uruguay', null),
(44, '628 Arapahoe Plaza', 'Shiye', 'China', null),
(45, '394 Old Gate Drive', 'Néa Karyá', 'Greece', null),
(46, '2809 Sage Crossing', 'Yaohua', 'China', null),
(47, '77 Oak Valley Road', 'Sandao', 'China', null),
(48, '44444 Mallory Point', 'Kálamos', 'Greece', null),
(49, '67 Gina Way', 'El Nido', 'Philippines', '5313'),
(50, '22 Mitchell Point', 'Żyraków', 'Poland', '39-204');


INSERT INTO Prospects VALUES
(1, 'Quinu', 1 , 'Investment Bankers/Brokers/Service', '9017777671'),
(2, 'Thoughtblab', 2, 'Major Chemicals', '7884701920'),
(3, 'Gabcube', 3, 'Major Banks', '9863234949'),
(4, 'Photofeed', 4, 'Major Pharmaceuticals', '7528434736'),
(5, 'Divavu', 5, 'n/a', '0414662484'),
(6, 'Jabbercube', 6, 'n/a', '9665845468'),
(7, 'Divavu', 7, 'Beverages (Production/Distribution)', '5972474230'),
(8, 'Gigashots', 8, 'Major Pharmaceuticals', '9087963427'),
(9, 'Vimbo', 9, 'Oil & Gas Production', '8518422707'),
(10, 'Gabspot', 10, 'Real Estate Investment Trusts', '2301248022'),
(11, 'Voonix', 11, 'Computer Software: Prepackaged Software', '5950103766'),
(12, 'Ozu', 12, 'Semiconductors', '7890330118'),
(13, 'DabZ', 13, 'Oil & Gas Production', '2270071521'),
(14, 'Kimia', 14, 'n/a', '1159376570'),
(15, 'Cogibox', 15, 'Metal Fabrications', '7223805935'),
(16, 'Divanoodle', 16, 'Business Services', '7851799924'),
(17, 'Avamba', 17, 'n/a', '8562689678'),
(18, 'Skidoo', 18, 'Specialty Chemicals', '1188128360'),
(19, 'Kwideo', 19, 'Automotive Aftermarket', '4435937953'),
(20, 'Realblab', 20, 'Major Banks', '6108552466');

INSERT INTO PersonOfContacts (id, first_name, last_name, email, phone_number, position, decision_maker, prospect_id) VALUES
(1,'Olwen', 'Anstis', 'oanstis0@prlog.org', '4987121326', 'Accounting Assistant III', true, 20),
(2, 'Hollie', 'Tidball', 'htidball1@mediafire.com', '4738223157', 'Data Coordiator', true, 4),
(3, 'Rosco', 'Cadle', 'rcadle2@umn.edu', '7932623011', 'Financial Advisor', false, 11),
(4, 'Johannah', 'Chadney', 'jchadney3@utexas.edu', '2208682549', 'Financial Analyst', true, 15),
(5, 'Gayelord', 'Rings', 'grings4@shoppro.jp', '3131460239', 'Environmental Specialist', true, 3),
(6, 'Filia', 'Scourfield', 'fscourfield5@tinypic.com', '1158087298', 'Account Executive', false, 9),
(7, 'Burton', 'Curl', 'bcurl6@desdev.cn', '2382444603', 'Structural Engineer', true, 20),
(8, 'Britte', 'Levington', 'blevington7@alexa.com', '3002833508', 'Tax Accountant', true, 16),
(9, 'Nicola', 'Petronis', 'npetronis8@privacy.gov.au', '3265797672', 'Dental Hygienist', true, 13),
(10, 'Madonna', 'Redley', 'mredley9@trellian.com', '9229199083', 'Senior Developer', false, 18),
(11, 'Ches', 'Lettsom', 'clettsoma@cornell.edu', '1075276979', 'Research Nurse', true, 13),
(12, 'Auroora', 'Quinn', 'aquinnb@webnode.com', '3552315144', 'Assistant Media Planner', false, 17),
(13, 'Antonie', 'Hallihan', 'ahallihanc@spotify.com', '2621068632', 'Systems Administrator III', true, 1),
(14, 'Alex', 'Schollar', 'aschollard@thetimes.co.uk', '5552503774', 'Information Systems Manager', false, 8),
(15, 'Arlyne', 'Beaton', 'abeatone@java.com', '5624411152', 'Electrical Engineer', false, 12),
(16, 'Padgett', 'Pappin', 'ppappinf@wunderground.com', '9299598715', 'Financial Advisor', true, 17),
(17, 'Robin', 'Elener', 'relenerg@xing.com', '7078755730', 'Web Designer IV', true, 3),
(18, 'Derk', 'Blayd', 'dblaydh@amazonaws.com', '9774820480', 'Recruiter', true, 20),
(19, 'Theo', 'Bartles', 'tbartlesi@google.co.uk', '4077209719', 'Human Resources Manager', false, 20),
(20, 'Annetta', 'Red', 'aredj@phoca.cz', '3474839295', 'Actuary', true, 19),
(21, 'Edi', 'Bleasdille', 'ebleasdillek@wikipedia.org', '5545215890', 'Food Chemist', true, 7),
(22, 'Brandy', 'Straneo', 'bstraneol@arizona.edu', '7975385259', 'Geologist II', true, 20),
(23, 'Napoleon', 'Roxburch', 'nroxburchm@paginegialle.it', '3797123059', 'Software Test Engineer IV', true, 8),
(24, 'Colan', 'Klee', 'ckleen@berkeley.edu', '1613918316', 'Cost Accountant', false, 15),
(25, 'Francyne', 'Destouche', 'fdestoucheo@statcounter.com', '1523246796', 'Research Nurse', true, 15),
(26, 'Horace', 'Cashley', 'hcashleyp@ustream.tv', '1213011658', 'Geological Engineer', true, 10),
(27, 'Frayda', 'Lanceley', 'flanceleyq@weibo.com', '2511630766', 'Software Test Engineer I', true, 9),
(28, 'Constantina', 'Joblin', 'cjoblinr@feedburner.com', '7014571717', 'Staff Accountant II', true, 13),
(29, 'Nady', 'Boylund', 'nboylunds@freewebs.com', '1404015540', 'Director of Sales', true, 9),
(30, 'Norene', 'Belt', 'nbeltt@a8.net', '4556764256', 'Developer II', false, 12),
(31, 'Broddy', 'Richley', 'brichleyu@bing.com', '1865443609', 'Occupational Therapist', true, 19),
(32,'Codi', 'Mathevon', 'cmathevonv@bing.com', '3032298043', 'Research Assistant IV', true, 20),
(33, 'Terrill', 'Benedicto', 'tbenedictow@opensource.org', '9639785654', 'VP Product Management', false, 15),
(34, 'Brigid', 'Rea', 'breax@miitbeian.gov.cn', '7998549769', 'Account Representative III', false, 10),
(35, 'Cynde', 'Towndrow', 'ctowndrowy@aol.com', '6676474379', 'Internal Auditor', true, 13),
(36, 'Dareen', 'Mancktelow', 'dmancktelowz@arstechnica.com', '3632624673', 'Electrical Engineer', true, 12),
(37, 'Caprice', 'Eusden', 'ceusden10@accuweather.com', '8821811760', 'Internal Auditor', true, 3),
(38, 'Kaja', 'Bunclark', 'kbunclark11@omniture.com', '1967680723', 'Information Systems Manager', true, 3),
(39, 'Helli', 'Nutbeem', 'hnutbeem12@msn.com', '7094850058', 'Assistant Professor', true, 8),
(40, 'Cordell', 'Whatson', 'cwhatson13@fema.gov', '8617948023', 'Assistant Manager', true, 3),
(41, 'Odette', 'Gregorio', 'ogregorio14@usa.gov', '1873804967', 'Senior Financial Analyst', false, 16),
(42, 'Kinnie', 'Janicijevic', 'kjanicijevic15@scribd.com', '3459371275', 'Senior Sales Associate', true, 1),
(43, 'Llywellyn', 'Crusham', 'lcrusham16@stanford.edu', '1014974638', 'Human Resources Assistant II', true, 1),
(44, 'Catha', 'Wimmers', 'cwimmers17@jalbum.net', '5183112428', 'Chief Design Engineer', false, 11),
(45, 'Beltran', 'Arrandale', 'barrandale18@sina.com.cn', '6289431409', 'Food Chemist', false, 12),
(46, 'Baxter', 'Chatband', 'bchatband19@howstuffworks.com', '8686283549', 'Quality Control Specialist', false, 12),
(47, 'Jordain', 'Walstow', 'jwalstow1a@last.fm', '5121681644', 'Statistician II', true, 15),
(48, 'Gunner', 'Burstow', 'gburstow1b@artisteer.com', '4936910820', 'Help Desk Operator', false, 19),
(49, 'Darb', 'Vasilchikov', 'dvasilchikov1c@blinklist.com', '4956721742', 'Analog Circuit Design manager', false, 9),
(50, 'Paolo', 'Wiggett', 'pwiggett1d@linkedin.com', '1938979871', 'Biostatistician II', true, 8);

INSERT INTO client_types
VALUES 
(1, 'investor'),
(2, 'general'),
(3, 'subcontractor');

INSERT INTO project_types
VALUES 
(1, 'assembly'),
(2, 'delivery');

INSERT INTO construction_types
VALUES 
(1, 'warehouse'),
(2, 'infrastructure'),
(3, 'house'),
(4, 'infrastructure'),
(5, 'factory'),
(6, 'bridge'),
(7, 'stadion'),
(8, 'tunnel');

INSERT INTO project_statuses
VALUES 
(1, 'received'),
(2, 'in progress'),
(3, 'offer sent'),
(4, 'rejected'),
(5, 'approved');

INSERT INTO Projects (id, name, address, construction_type, client_type, project_type, design, status, prospect_id) VALUES
(1, 'Trantow, Padberg and Bruen', 29, 4, 1, 1, true, 5, 7),
(2, 'Schmidt Group', 40, 6, 1, 1, true, 3, 4),
(3, 'Tremblay-Herzog', 28, 3, 3, 1, false, 3, 17),
(4, 'Mitchell-Ward', 32, 7, 2, 1, false, 2, 13),
(5, 'Langworth-Nienow', 50, 6, 2, 2, true, 2, 16),
(6, 'Lakin Group', 37, 3, 3, 2, true, 2, 5),
(7, 'Bogisich LLC', 45, 2, 1, 2, false, 2, 15),
(8, 'Roberts and Sons', 23, 3, 3, 1, false, 3, 16),
(9, 'Kuhlman, Hammes and Marvin', 48, 8, 2, 2, true, 4, 7),
(10, 'Streich-Corwin', 40, 5, 3, 2, true, 5, 18),
(11, 'Satterfield Group', 44, 8, 2, 1, true, 1, 10),
(12, 'Heidenreich, Abbott and Ryan', 29, 1, 3, 2, true, 2, 18),
(13, 'Turner, Bode and Johnston', 39, 8, 2, 2, false, 4, 19),
(14, 'Klein LLC', 21, 8, 2, 1, false, 2, 2),
(15, 'Strosin Group', 25, 1, 1, 1, false, 3, 10),
(16, 'Reichel LLC', 48, 8, 2, 2, true, 1, 10),
(17, 'Hauck Inc', 47, 4, 3, 1, true, 2, 6),
(18, 'Harvey, Bergnaum and Schumm', 44, 7, 3, 2, false, 2, 6),
(19, 'Greenfelder, Ward and Windler', 38, 8, 1, 2, true, 2, 6),
(20, 'Beer Inc', 32, 6, 1, 2, false, 3, 7),
(21, 'Hane-Kertzmann', 21, 4, 3, 1, true, 2, 11),
(22, 'Rath, Dicki and Pouros', 32, 6, 3, 1, true, 1, 13),
(23, 'Graham-Ratke', 49, 3, 2, 2, false, 2, 3),
(24, 'Fay Inc', 48, 6, 3, 1, false, 2, 17),
(25, 'Kutch and Sons', 39, 6, 2, 1, true, 5, 3),
(26, 'Reichert-Mann', 37, 5, 3, 2, true, 1, 14),
(27, 'Lindgren-Brekke', 50, 6, 1, 1, true, 5, 2),
(28, 'Ratke-Marvin', 33, 5, 2, 1, true, 4, 2),
(29, 'Feil-Greenholt', 31, 8, 1, 2, false, 2, 15),
(30, 'Paucek Group', 45, 1, 3, 1, true, 4, 14);

UPDATE ProjectsSalesPersons SET sales_person_id = 2 WHERE Project_id IN (4,5,6);
UPDATE ProjectsSalesPersons SET sales_person_id = 3 WHERE Project_id IN (7,8,9);
UPDATE ProjectsSalesPersons SET sales_person_id = 4 WHERE Project_id IN (10,11,12);
UPDATE ProjectsSalesPersons SET sales_person_id = 5 WHERE Project_id IN (13,14,15);
UPDATE ProjectsSalesPersons SET sales_person_id = 6 WHERE Project_id IN (16,7,18);
UPDATE ProjectsSalesPersons SET sales_person_id = 7 WHERE Project_id IN (19,20,21);
UPDATE ProjectsSalesPersons SET sales_person_id = 8 WHERE Project_id IN (22,23,24);
UPDATE ProjectsSalesPersons SET sales_person_id = 9 WHERE Project_id IN (25,26,27);
UPDATE ProjectsSalesPersons SET sales_person_id = 10 WHERE Project_id IN (28,29,30);

INSERT INTO TypeOfElements (id, name)
VALUES
(1, "column"),
(2, "beam"),
(3, "girder"), 
(4, "slab"),
(5, "foundation"), 
(6, "block"), 
(7, "panel"), 
(8, "sadwich wall"), 
(9, "half sandwich wall"),
(10, "filigree slab"),
(11, "hollow core slab"),
(12, "tubing"),
(13, "T21"),
(14, "T24"),
(15, "T27");

INSERT INTO BidElements (id, project_id, type_of_element_id, name, amount, height, width, length, steel_saturation, tension_steel_saturation) VALUES
(1, 2, 1, 'W56', 20, 0.09, 0.58, 9.63, 137, 23),
(2, 24, 4, 'T97', 8, 0.76, 0.93, 2.57, 134, 65),
(3, 4, 6, 'V56', 6, 0.13, 0.7, 6.03, 76, 26),
(4, 9, 15, 'X91', 7, 0.34, 0.63, 1.34, 110, 57),
(5, 30, 5, 'J90', 19, 0.13, 1.0, 8.36, 85, 73),
(6, 9, 11, 'M34', 5, 0.73, 0.45, 8.58, 83, 18),
(7, 6, 15, 'V21', 12, 0.35, 0.91, 1.79, 85, 37),
(8, 9, 2, 'X34', 19, 0.82, 0.74, 5.84, 208, 28),
(9, 14, 13, 'I09', 8, 0.02, 0.05, 8.68, 183, 73),
(10, 26, 14, 'A33', 11, 0.58, 0.7, 1.4, 95, 56),
(11, 16, 1, 'D07', 13, 0.82, 0.51, 1.84, 299, 36),
(12, 29, 8, 'K08', 4, 0.09, 0.81, 9.53, 232, 77),
(13, 11, 13, 'J56', 18, 0.44, 0.59, 3.56, 290, 85),
(14, 14, 4, 'M76', 10, 0.69, 0.76, 9.13, 65, 21),
(15, 15, 5, 'R47', 3, 0.41, 0.26, 2.22, 124, 66),
(16, 11, 5, 'W71', 11, 0.46, 0.21, 3.02, 181, 79),
(17, 19, 13, 'I11', 20, 0.25, 0.83, 1.85, 118, 94),
(18, 9, 7, 'F86', 8, 0.06, 0.9, 2.84, 183, 67),
(19, 3, 6, 'N53', 6, 0.16, 0.22, 5.74, 292, 14),
(20, 17, 6, 'R73', 13, 0.34, 0.42, 1.19, 152, 89),
(21, 28, 1, 'C43', 17, 0.86, 0.93, 1.16, 257, 81),
(22, 5, 7, 'U97', 5, 0.77, 0.95, 8.88, 259, 12),
(23, 19, 3, 'X44', 13, 0.82, 0.52, 8.29, 244, 52),
(24, 22, 6, 'Q38', 19, 0.82, 0.57, 1.58, 217, 95),
(25, 19, 14, 'Q65', 8, 0.42, 0.65, 1.77, 130, 73),
(26, 21, 7, 'W97', 3, 0.12, 0.41, 2.13, 246, 17),
(27, 23, 2, 'A49', 3, 0.41, 0.98, 9.7, 261, 0),
(28, 14, 6, 'V77', 19, 0.4, 0.43, 2.55, 120, 56),
(29, 5, 15, 'Q21', 16, 0.64, 0.2, 5.99, 84, 61),
(30, 3, 6, 'N66', 6, 0.12, 0.52, 8.54, 120, 76),
(31, 30, 1, 'P84', 9, 0.12, 0.02, 1.42, 168, 29),
(32, 2, 12, 'N33', 9, 0.35, 0.63, 7.87, 220, 51),
(33, 5, 10, 'H81', 8, 0.81, 0.67, 9.14, 278, 58),
(34, 20, 7, 'S83', 16, 0.53, 0.38, 8.07, 281, 92),
(35, 3, 7, 'Q66', 8, 0.22, 0.15, 8.62, 184, 61),
(36, 2, 15, 'A18', 2, 0.86, 0.94, 5.93, 288, 43),
(37, 6, 7, 'I53', 6, 0.78, 0.58, 4.52, 225, 12),
(38, 30, 5, 'M99', 11, 0.89, 0.39, 1.59, 171, 40),
(39, 20, 5, 'Y91', 10, 0.11, 0.86, 5.45, 74, 17),
(40, 1, 3, 'L75', 17, 0.89, 0.63, 3.21, 182, 17),
(41, 12, 10, 'C25', 3, 0.64, 0.12, 6.95, 94, 82),
(42, 23, 15, 'Y69', 5, 0.21, 0.9, 6.64, 52, 27),
(43, 12, 11, 'D50', 11, 0.74, 0.89, 4.35, 84, 43),
(44, 13, 6, 'S79', 20, 0.48, 0.6, 1.61, 130, 92),
(45, 16, 5, 'G96', 7, 0.33, 0.16, 8.77, 293, 9),
(46, 28, 12, 'Y59', 2, 0.25, 0.79, 3.54, 169, 81),
(47, 23, 1, 'V74', 12, 0.52, 0.24, 1.33, 278, 15),
(48, 9, 9, 'H51', 14, 0.62, 0.44, 4.82, 144, 74),
(49, 21, 6, 'J31', 11, 0.13, 0.17, 6.6, 263, 71),
(50, 26, 10, 'L99', 7, 0.53, 0.5, 9.97, 78, 82),
(51, 3, 13, 'O09', 3, 0.98, 0.03, 1.61, 96, 27),
(52, 29, 1, 'R55', 3, 0.5, 0.26, 6.04, 198, 18),
(53, 29, 7, 'K87', 20, 0.26, 0.93, 5.19, 267, 71),
(54, 12, 15, 'B95', 8, 0.88, 0.91, 9.02, 56, 21),
(55, 17, 5, 'X43', 1, 0.13, 0.6, 1.74, 189, 39),
(56, 1, 13, 'J33', 5, 0.6, 0.77, 1.61, 223, 14),
(57, 24, 2, 'J52', 5, 0.32, 0.69, 1.13, 55, 51),
(58, 15, 15, 'Z39', 1, 0.27, 0.08, 5.11, 81, 66),
(59, 18, 1, 'J31', 17, 0.68, 0.58, 3.12, 250, 41),
(60, 16, 2, 'Z28', 17, 0.22, 0.21, 5.19, 97, 96),
(61, 14, 6, 'X60', 15, 0.81, 0.73, 3.16, 100, 7),
(62, 29, 4, 'Q30', 8, 0.08, 0.88, 5.39, 104, 29),
(63, 27, 10, 'H72', 1, 0.12, 0.4, 7.85, 170, 39),
(64, 22, 12, 'S10', 11, 0.74, 0.98, 3.13, 116, 4),
(65, 28, 3, 'G06', 6, 0.14, 0.47, 9.21, 134, 38),
(66, 19, 7, 'I00', 19, 0.55, 0.34, 9.97, 212, 16),
(67, 26, 11, 'L53', 7, 0.68, 0.61, 1.99, 185, 32),
(68, 25, 6, 'I16', 3, 0.64, 0.53, 4.52, 258, 8),
(69, 18, 3, 'D94', 16, 0.37, 0.42, 2.19, 110, 24),
(70, 17, 3, 'V94', 10, 0.45, 0.32, 5.35, 270, 46),
(71, 6, 2, 'A09', 1, 0.63, 0.41, 6.1, 181, 72),
(72, 27, 14, 'R55', 14, 0.16, 0.43, 9.49, 81, 13),
(73, 6, 15, 'T61', 18, 0.57, 0.45, 5.43, 103, 46),
(74, 26, 15, 'F92', 5, 0.36, 0.27, 6.43, 284, 40),
(75, 26, 12, 'O23', 5, 0.92, 0.4, 2.53, 108, 79),
(76, 11, 12, 'T59', 15, 0.15, 0.31, 5.33, 209, 46),
(77, 28, 7, 'F68', 20, 0.97, 0.56, 1.79, 260, 14),
(78, 10, 2, 'D08', 3, 0.37, 0.91, 3.18, 102, 47),
(79, 17, 12, 'V46', 10, 0.47, 0.6, 6.05, 165, 77),
(80, 16, 8, 'M39', 14, 0.87, 0.51, 4.63, 60, 74),
(81, 8, 15, 'Y48', 17, 0.12, 0.6, 2.8, 281, 26),
(82, 9, 7, 'J83', 8, 0.34, 0.89, 1.37, 122, 18),
(83, 13, 10, 'L60', 12, 0.26, 0.01, 2.37, 275, 18),
(84, 9, 2, 'S82', 20, 0.8, 0.45, 1.68, 299, 75),
(85, 8, 12, 'Y43', 10, 0.27, 0.83, 3.12, 271, 18),
(86, 6, 3, 'F53', 5, 0.12, 0.36, 4.5, 289, 98),
(87, 26, 4, 'X51', 14, 0.84, 0.5, 3.12, 277, 3),
(88, 8, 11, 'D90', 2, 0.46, 0.53, 5.4, 87, 38),
(89, 12, 13, 'Q33', 15, 0.86, 0.27, 3.59, 266, 91),
(90, 9, 15, 'B03', 10, 0.11, 0.47, 7.78, 125, 71),
(91, 29, 9, 'X96', 9, 0.58, 0.4, 6.86, 121, 99),
(92, 16, 3, 'L62', 2, 0.72, 0.84, 4.83, 174, 72),
(93, 21, 4, 'J19', 12, 0.53, 0.27, 2.25, 224, 30),
(94, 22, 11, 'B39', 15, 0.85, 0.05, 7.77, 68, 62),
(95, 21, 9, 'O07', 15, 0.79, 0.02, 5.75, 184, 0),
(96, 11, 14, 'B70', 5, 0.0, 0.91, 2.93, 260, 37),
(97, 15, 11, 'N46', 16, 0.67, 0.56, 7.93, 125, 20),
(98, 20, 1, 'G06', 11, 0.24, 0.32, 8.29, 132, 87),
(99, 17, 11, 'H59', 3, 0.51, 0.38, 5.49, 59, 49),
(100, 9, 13, 'C34', 15, 0.9, 0.17, 5.44, 261, 28),
(101, 8, 6, 'F45', 1, 0.33, 0.98, 2.33, 76, 31),
(102, 23, 7, 'J19', 7, 0.02, 0.13, 1.76, 270, 7),
(103, 21, 3, 'C88', 5, 0.75, 0.04, 9.69, 110, 56),
(104, 14, 6, 'R64', 12, 0.35, 0.87, 3.01, 282, 99),
(105, 5, 13, 'N77', 18, 0.64, 0.79, 9.34, 195, 20),
(106, 9, 6, 'V42', 5, 0.34, 0.63, 7.49, 85, 20),
(107, 25, 12, 'I18', 11, 0.97, 0.13, 3.02, 180, 42),
(108, 28, 7, 'Y38', 10, 0.86, 0.15, 9.49, 250, 49),
(109, 3, 10, 'A38', 13, 0.67, 0.16, 4.42, 291, 26),
(110, 20, 1, 'L11', 19, 0.48, 0.03, 6.69, 110, 66),
(111, 28, 6, 'Y93', 4, 0.72, 0.35, 3.78, 238, 49),
(112, 5, 10, 'Y69', 18, 0.86, 0.35, 8.2, 240, 88),
(113, 19, 14, 'R04', 13, 0.32, 0.64, 5.36, 184, 17),
(114, 8, 2, 'S66', 14, 0.26, 0.52, 7.58, 257, 55),
(115, 18, 2, 'H64', 10, 0.3, 0.37, 4.36, 137, 69),
(116, 30, 13, 'C81', 8, 0.17, 0.53, 3.32, 128, 31),
(117, 30, 2, 'P93', 20, 0.92, 0.84, 6.38, 144, 92),
(118, 1, 12, 'E47', 7, 0.13, 0.58, 3.8, 197, 46),
(119, 22, 12, 'Y98', 9, 0.61, 0.28, 5.59, 203, 28),
(120, 30, 14, 'H79', 13, 0.68, 0.58, 1.09, 167, 26),
(121, 15, 12, 'U13', 6, 0.64, 0.19, 1.26, 55, 27),
(122, 8, 3, 'I67', 12, 0.69, 0.0, 2.59, 66, 88),
(123, 18, 9, 'Y12', 16, 0.73, 0.57, 2.58, 113, 46),
(124, 5, 4, 'Z51', 19, 0.73, 0.71, 6.87, 181, 84),
(125, 8, 4, 'F47', 1, 0.43, 0.77, 5.98, 286, 50),
(126, 2, 4, 'Z27', 10, 0.88, 0.56, 7.05, 252, 19),
(127, 12, 10, 'B87', 1, 0.82, 0.21, 3.97, 207, 40),
(128, 17, 3, 'E82', 2, 0.66, 0.54, 5.69, 123, 92),
(129, 4, 5, 'Z38', 13, 0.03, 0.01, 1.54, 285, 75),
(130, 21, 2, 'F11', 19, 0.54, 0.83, 4.73, 208, 54),
(131, 30, 1, 'Z39', 20, 0.37, 0.44, 1.19, 69, 27),
(132, 29, 14, 'S19', 6, 0.12, 0.79, 2.11, 183, 96),
(133, 30, 15, 'Y67', 10, 0.45, 0.23, 6.06, 239, 15),
(134, 1, 15, 'X99', 13, 0.74, 0.63, 9.18, 146, 20),
(135, 16, 5, 'B24', 6, 0.06, 0.81, 3.8, 278, 100),
(136, 4, 9, 'E91', 15, 0.24, 0.89, 5.99, 58, 26),
(137, 16, 9, 'S32', 19, 0.98, 0.9, 3.46, 130, 77),
(138, 13, 4, 'F81', 14, 0.07, 0.37, 3.35, 148, 6),
(139, 25, 6, 'Z87', 6, 0.96, 0.73, 1.41, 201, 65),
(140, 6, 10, 'N71', 12, 0.21, 0.63, 5.53, 172, 81),
(141, 28, 4, 'H17', 1, 0.91, 0.08, 2.74, 139, 83),
(142, 18, 12, 'A31', 14, 0.57, 0.77, 3.15, 113, 60),
(143, 26, 7, 'J95', 14, 0.25, 0.78, 2.1, 194, 82),
(144, 25, 15, 'M57', 13, 0.25, 0.73, 9.12, 71, 47),
(145, 29, 15, 'D52', 12, 0.17, 0.47, 7.16, 112, 94),
(146, 22, 12, 'U72', 13, 0.62, 0.86, 9.51, 113, 61),
(147, 30, 4, 'F59', 3, 0.25, 0.79, 2.46, 91, 64),
(148, 16, 7, 'G75', 11, 0.94, 0.16, 5.74, 70, 72),
(149, 28, 4, 'Q72', 19, 0.44, 0.47, 7.27, 166, 67),
(150, 21, 15, 'Z50', 11, 0.64, 0.27, 7.22, 297, 42),
(151, 7, 4, 'A02', 1, 0.01, 0.98, 5.05, 212, 23),
(152, 19, 9, 'J49', 13, 0.48, 0.71, 1.0, 272, 12),
(153, 4, 6, 'P77', 11, 0.65, 0.06, 9.32, 78, 92),
(154, 28, 3, 'P12', 17, 0.3, 0.6, 3.97, 61, 32),
(155, 30, 15, 'E99', 5, 0.46, 0.58, 2.96, 121, 78),
(156, 1, 2, 'Q34', 18, 0.19, 0.95, 2.94, 217, 87),
(157, 4, 10, 'W20', 9, 0.5, 0.28, 5.61, 148, 15),
(158, 7, 1, 'M76', 13, 0.61, 0.32, 4.1, 132, 83),
(159, 13, 10, 'D11', 15, 0.21, 0.51, 2.82, 186, 66),
(160, 22, 12, 'H38', 5, 0.63, 0.04, 8.16, 106, 70),
(161, 28, 13, 'S35', 16, 0.72, 0.22, 6.61, 140, 81),
(162, 30, 13, 'I69', 4, 0.17, 0.58, 2.54, 290, 88),
(163, 17, 11, 'N13', 17, 0.97, 0.86, 1.8, 214, 72),
(164, 28, 12, 'H26', 10, 0.1, 0.32, 6.83, 130, 68),
(165, 12, 15, 'S97', 6, 0.33, 0.84, 7.92, 157, 66),
(166, 30, 15, 'M37', 8, 0.2, 0.9, 1.4, 145, 98),
(167, 2, 3, 'E27', 14, 0.8, 0.33, 2.05, 199, 15),
(168, 6, 12, 'J95', 5, 0.91, 0.48, 3.53, 67, 71),
(169, 11, 3, 'V13', 16, 0.26, 0.32, 3.94, 242, 20),
(170, 16, 9, 'M68', 10, 0.07, 0.84, 8.73, 278, 30),
(171, 3, 3, 'M37', 6, 0.03, 0.28, 9.63, 211, 31),
(172, 20, 8, 'U30', 10, 0.98, 0.26, 8.76, 298, 95),
(173, 5, 3, 'L71', 7, 0.23, 0.11, 4.54, 62, 35),
(174, 14, 8, 'C53', 16, 0.04, 0.7, 4.29, 242, 91),
(175, 12, 1, 'R93', 7, 0.37, 0.2, 6.44, 95, 80),
(176, 13, 12, 'G13', 6, 0.14, 0.38, 7.01, 266, 6),
(177, 15, 2, 'Y12', 3, 0.85, 0.57, 3.73, 181, 14),
(178, 12, 3, 'C96', 11, 0.08, 0.19, 4.6, 289, 52),
(179, 24, 1, 'T18', 12, 0.34, 0.07, 2.82, 151, 67),
(180, 13, 3, 'T43', 15, 0.77, 0.58, 7.77, 137, 59),
(181, 19, 2, 'H51', 10, 0.16, 0.03, 2.35, 225, 21),
(182, 27, 14, 'I99', 4, 0.94, 0.34, 1.54, 115, 38),
(183, 8, 2, 'X56', 5, 0.52, 0.39, 6.8, 105, 62),
(184, 9, 8, 'E83', 9, 0.29, 0.01, 5.35, 269, 21),
(185, 20, 1, 'F45', 14, 0.19, 0.75, 6.83, 78, 93),
(186, 16, 5, 'R46', 11, 0.76, 0.2, 1.96, 296, 60),
(187, 30, 8, 'S05', 2, 0.78, 0.35, 5.34, 204, 41),
(188, 29, 5, 'A98', 1, 0.91, 0.29, 7.66, 127, 91),
(189, 13, 14, 'J16', 4, 0.46, 0.94, 2.82, 263, 46),
(190, 9, 8, 'I62', 3, 0.94, 0.48, 9.08, 88, 2),
(191, 27, 12, 'T46', 5, 0.53, 0.39, 1.51, 170, 65),
(192, 19, 5, 'I01', 20, 0.88, 0.07, 6.59, 150, 5),
(193, 16, 8, 'S63', 15, 0.37, 0.34, 9.0, 236, 44),
(194, 2, 15, 'D03', 2, 0.73, 0.26, 1.16, 87, 77),
(195, 18, 14, 'H22', 19, 0.77, 0.4, 3.98, 59, 70),
(196, 3, 13, 'O92', 17, 0.52, 0.72, 5.97, 244, 45),
(197, 14, 10, 'N55', 9, 0.64, 0.83, 6.82, 113, 85),
(198, 12, 9, 'N17', 13, 0.71, 0.26, 2.55, 166, 80),
(199, 2, 9, 'I82', 6, 0.26, 0.87, 7.18, 173, 50),
(200, 20, 8, 'X58', 20, 0.51, 0.63, 7.75, 153, 70),
(201, 7, 14, 'P85', 15, 0.56, 0.21, 1.3, 161, 5),
(202, 10, 10, 'Y98', 16, 0.31, 0.12, 9.67, 224, 41),
(203, 5, 15, 'P66', 14, 0.95, 0.75, 2.79, 297, 32),
(204, 10, 12, 'P03', 17, 0.6, 0.56, 9.22, 250, 84),
(205, 22, 4, 'P43', 9, 0.62, 0.89, 8.04, 127, 29),
(206, 9, 14, 'H98', 4, 0.96, 0.51, 8.92, 250, 7),
(207, 25, 12, 'K51', 1, 0.19, 0.13, 7.03, 92, 84),
(208, 13, 4, 'Q84', 2, 0.75, 0.75, 9.69, 285, 49),
(209, 20, 14, 'S29', 10, 0.88, 0.33, 6.59, 83, 8),
(210, 10, 11, 'R23', 5, 0.96, 0.34, 4.47, 70, 72),
(211, 5, 14, 'R42', 17, 0.44, 0.89, 2.13, 159, 50),
(212, 20, 10, 'X58', 1, 0.34, 0.51, 7.7, 273, 97),
(213, 4, 14, 'M09', 3, 0.49, 0.26, 9.83, 145, 82),
(214, 30, 11, 'A24', 16, 0.63, 0.27, 9.79, 88, 1),
(215, 21, 8, 'Z04', 17, 0.48, 0.38, 9.83, 262, 0),
(216, 5, 10, 'P54', 6, 0.82, 0.92, 7.17, 105, 57),
(217, 28, 1, 'F89', 19, 0.79, 0.28, 3.81, 152, 3),
(218, 7, 8, 'V70', 16, 0.85, 0.39, 4.64, 136, 45),
(219, 15, 5, 'H92', 3, 0.73, 0.26, 5.59, 50, 37),
(220, 24, 5, 'H86', 18, 0.15, 0.19, 2.76, 63, 69),
(221, 15, 5, 'G93', 12, 0.44, 0.42, 7.73, 158, 71),
(222, 30, 7, 'B98', 6, 0.83, 0.6, 1.96, 72, 46),
(223, 19, 5, 'T76', 10, 0.62, 0.62, 4.03, 172, 94),
(224, 11, 15, 'C76', 2, 0.19, 0.79, 9.84, 230, 24),
(225, 27, 10, 'Q86', 20, 0.75, 0.53, 1.34, 162, 64),
(226, 20, 8, 'A52', 15, 0.81, 0.35, 6.7, 195, 23),
(227, 21, 13, 'P11', 1, 0.29, 0.37, 7.32, 82, 12),
(228, 3, 11, 'O22', 14, 0.01, 0.12, 1.51, 265, 19),
(229, 8, 1, 'X70', 7, 0.31, 0.8, 2.82, 229, 0),
(230, 20, 1, 'G75', 3, 0.48, 0.52, 7.09, 273, 81),
(231, 5, 1, 'C25', 17, 0.19, 0.19, 7.31, 265, 45),
(232, 23, 7, 'N56', 15, 0.94, 0.77, 1.82, 298, 29),
(233, 7, 12, 'H22', 19, 0.91, 0.06, 9.8, 130, 30),
(234, 15, 14, 'Y84', 9, 0.93, 0.12, 5.77, 124, 14),
(235, 13, 9, 'L48', 5, 0.45, 0.08, 3.27, 190, 71),
(236, 17, 12, 'I02', 19, 0.18, 0.88, 2.51, 281, 95),
(237, 1, 8, 'M35', 18, 0.91, 0.42, 5.11, 264, 57),
(238, 25, 10, 'K43', 11, 0.8, 0.49, 1.97, 67, 44),
(239, 17, 10, 'J57', 9, 0.26, 0.71, 4.92, 220, 23),
(240, 21, 7, 'C68', 2, 0.03, 0.66, 5.38, 254, 22),
(241, 29, 15, 'X43', 16, 0.7, 0.25, 3.25, 279, 27),
(242, 9, 2, 'X27', 13, 0.75, 0.38, 8.69, 230, 91),
(243, 24, 6, 'N86', 18, 0.13, 0.82, 3.16, 95, 55),
(244, 5, 3, 'Q32', 11, 0.42, 0.33, 7.16, 116, 54),
(245, 5, 12, 'U82', 8, 0.87, 0.18, 3.26, 149, 30),
(246, 19, 3, 'S20', 20, 0.74, 0.92, 4.02, 216, 65),
(247, 16, 14, 'M36', 2, 0.91, 0.51, 9.63, 65, 30),
(248, 20, 4, 'D59', 18, 0.18, 0.89, 1.71, 105, 42),
(249, 12, 3, 'W62', 14, 0.46, 0.91, 8.17, 251, 38),
(250, 6, 14, 'O45', 3, 0.26, 0.75, 4.31, 54, 13),
(251, 26, 14, 'P42', 9, 0.38, 0.75, 2.2, 123, 96),
(252, 29, 2, 'T55', 7, 0.2, 0.58, 1.78, 285, 54),
(253, 22, 2, 'E42', 4, 0.38, 0.0, 4.09, 243, 42),
(254, 24, 1, 'H89', 17, 0.55, 0.79, 5.67, 151, 3),
(255, 9, 2, 'Z75', 8, 0.7, 0.0, 6.04, 138, 51),
(256, 14, 7, 'P07', 20, 1.0, 0.71, 9.57, 280, 76),
(257, 7, 2, 'B34', 10, 0.38, 0.94, 6.21, 272, 8),
(258, 6, 9, 'I21', 5, 0.98, 0.82, 8.65, 77, 15),
(259, 28, 8, 'B45', 14, 0.19, 0.61, 6.6, 230, 25),
(260, 11, 12, 'F17', 14, 0.76, 0.92, 4.11, 120, 21),
(261, 19, 12, 'P78', 3, 0.63, 0.31, 6.99, 270, 76),
(262, 30, 13, 'Q37', 19, 0.84, 0.88, 3.51, 157, 20),
(263, 9, 9, 'U26', 17, 0.35, 0.88, 7.7, 200, 41),
(264, 2, 4, 'C33', 17, 0.07, 0.84, 3.43, 227, 70),
(265, 6, 3, 'Z99', 14, 0.02, 0.34, 3.94, 84, 71),
(266, 29, 13, 'D64', 13, 0.65, 0.41, 5.49, 168, 94),
(267, 19, 6, 'E39', 16, 0.72, 0.3, 5.31, 169, 15),
(268, 5, 1, 'Q63', 18, 0.29, 0.53, 5.49, 141, 9),
(269, 28, 13, 'T89', 9, 0.0, 0.94, 2.44, 110, 35),
(270, 30, 13, 'Q23', 5, 0.08, 0.98, 1.47, 169, 65),
(271, 21, 1, 'F97', 13, 0.43, 0.7, 8.2, 74, 38),
(272, 22, 6, 'L77', 1, 0.33, 0.29, 5.27, 140, 5),
(273, 3, 7, 'Z39', 6, 0.16, 0.89, 1.62, 223, 37),
(274, 25, 8, 'X57', 1, 0.14, 0.83, 4.56, 67, 32),
(275, 22, 8, 'G84', 9, 0.4, 0.71, 7.16, 262, 0),
(276, 29, 7, 'V72', 10, 0.36, 0.25, 8.86, 79, 44),
(277, 24, 15, 'I25', 3, 0.47, 0.16, 9.92, 50, 2),
(278, 19, 1, 'I83', 19, 0.42, 0.49, 2.16, 107, 81),
(279, 2, 1, 'I40', 10, 0.11, 0.17, 6.71, 67, 73),
(280, 12, 6, 'G23', 3, 0.01, 0.01, 7.94, 90, 61),
(281, 16, 15, 'Q12', 14, 0.7, 0.15, 7.95, 183, 78),
(282, 29, 11, 'R34', 19, 0.25, 0.84, 8.08, 275, 34),
(283, 14, 15, 'G26', 20, 0.42, 0.28, 5.11, 118, 85),
(284, 24, 2, 'N38', 20, 0.5, 0.42, 8.96, 55, 71),
(285, 21, 8, 'R67', 19, 0.36, 0.51, 9.82, 153, 67),
(286, 23, 4, 'Z12', 15, 0.69, 0.47, 3.63, 95, 66),
(287, 26, 12, 'X27', 8, 0.89, 0.94, 9.78, 87, 71),
(288, 15, 10, 'W15', 8, 0.78, 0.13, 5.36, 203, 14),
(289, 21, 1, 'Q28', 2, 0.54, 0.31, 9.22, 107, 63),
(290, 8, 9, 'Q13', 2, 0.55, 0.33, 2.59, 164, 46),
(291, 28, 14, 'Q32', 1, 0.83, 0.29, 9.47, 123, 17),
(292, 1, 1, 'I14', 6, 0.59, 0.47, 1.67, 138, 15),
(293, 8, 9, 'O74', 18, 0.98, 0.15, 2.69, 238, 90),
(294, 27, 6, 'Z21', 8, 0.89, 0.92, 5.34, 165, 62),
(295, 20, 10, 'X47', 7, 0.56, 0.72, 2.61, 191, 74),
(296, 18, 11, 'T57', 11, 0.42, 0.22, 6.33, 231, 1),
(297, 29, 15, 'S01', 5, 0.33, 0.32, 9.82, 93, 90),
(298, 23, 10, 'J11', 15, 0.29, 0.06, 6.39, 217, 14),
(299, 18, 15, 'H42', 16, 0.55, 0.59, 9.19, 243, 82),
(300, 7, 9, 'S03', 10, 0.66, 0.02, 6.56, 57, 53),
(301, 4, 3, 'L82', 19, 0.62, 0.07, 7.47, 219, 16),
(302, 20, 11, 'M88', 20, 0.45, 0.09, 7.71, 95, 91),
(303, 21, 3, 'B35', 13, 0.96, 0.15, 4.58, 155, 100),
(304, 7, 5, 'X21', 15, 0.39, 0.24, 1.74, 168, 38),
(305, 11, 3, 'G78', 7, 0.53, 0.98, 8.0, 282, 20),
(306, 27, 6, 'M83', 2, 0.46, 0.11, 9.14, 109, 56),
(307, 20, 11, 'T61', 2, 0.14, 0.33, 6.13, 269, 22),
(308, 25, 9, 'J62', 9, 0.06, 0.11, 8.61, 116, 56),
(309, 2, 5, 'E11', 4, 1.0, 0.39, 5.61, 253, 65),
(310, 7, 5, 'B56', 13, 0.43, 0.91, 5.99, 176, 39),
(311, 25, 1, 'B90', 12, 0.58, 0.08, 3.36, 137, 20),
(312, 19, 11, 'D99', 12, 0.85, 0.84, 8.27, 182, 59),
(313, 25, 3, 'Q91', 15, 0.14, 0.43, 7.91, 136, 41),
(314, 16, 10, 'S62', 5, 0.27, 0.48, 7.56, 199, 17),
(315, 20, 1, 'G63', 12, 0.76, 0.13, 4.23, 287, 91),
(316, 6, 13, 'F71', 11, 0.59, 0.73, 8.95, 148, 77),
(317, 12, 5, 'A41', 1, 0.41, 0.44, 3.53, 125, 71),
(318, 21, 10, 'G08', 10, 0.28, 0.31, 9.73, 259, 36),
(319, 22, 14, 'D64', 19, 0.83, 0.45, 8.89, 243, 80),
(320, 28, 12, 'L26', 1, 0.64, 0.99, 6.67, 207, 59),
(321, 13, 1, 'U58', 10, 0.89, 0.21, 4.7, 105, 53),
(322, 28, 6, 'Z43', 13, 0.39, 0.93, 1.83, 81, 16),
(323, 22, 5, 'N86', 10, 0.66, 0.37, 3.02, 81, 64),
(324, 22, 13, 'K19', 17, 0.13, 0.72, 4.21, 162, 12),
(325, 2, 15, 'D67', 19, 0.09, 0.96, 3.91, 166, 37),
(326, 3, 10, 'G58', 16, 0.79, 0.01, 6.78, 193, 95),
(327, 24, 2, 'E84', 14, 0.76, 0.15, 4.2, 94, 53),
(328, 4, 14, 'N10', 11, 0.59, 0.51, 6.02, 189, 97),
(329, 27, 6, 'J97', 17, 0.33, 0.62, 2.87, 128, 38),
(330, 21, 8, 'J34', 12, 0.18, 0.9, 9.17, 125, 6),
(331, 23, 9, 'A88', 12, 0.23, 0.53, 4.64, 104, 2),
(332, 25, 2, 'C02', 12, 0.07, 0.74, 3.21, 300, 12),
(333, 25, 11, 'E61', 17, 0.86, 0.67, 5.7, 174, 16),
(334, 1, 13, 'J15', 6, 0.94, 0.99, 3.55, 66, 0),
(335, 12, 9, 'I80', 3, 0.27, 0.68, 1.83, 119, 59),
(336, 8, 14, 'I01', 11, 0.3, 0.01, 2.75, 137, 74),
(337, 21, 10, 'H79', 9, 0.35, 0.57, 1.72, 68, 89),
(338, 5, 14, 'R58', 8, 0.27, 0.32, 7.93, 187, 88),
(339, 6, 1, 'S63', 13, 0.0, 0.39, 5.57, 185, 75),
(340, 16, 14, 'B67', 16, 0.85, 0.35, 6.14, 164, 47),
(341, 5, 9, 'H20', 14, 0.34, 0.43, 5.09, 141, 95),
(342, 6, 9, 'Z91', 13, 0.82, 0.79, 8.76, 72, 83),
(343, 16, 14, 'G22', 18, 0.31, 0.08, 3.22, 117, 92),
(344, 22, 5, 'U94', 5, 0.63, 0.21, 4.11, 118, 7),
(345, 27, 9, 'Y73', 10, 0.94, 0.65, 2.73, 178, 14),
(346, 29, 8, 'E75', 15, 0.49, 0.25, 1.15, 279, 37),
(347, 14, 15, 'S60', 9, 0.55, 0.39, 6.79, 242, 92),
(348, 4, 7, 'E73', 18, 0.92, 1.0, 5.93, 221, 47),
(349, 30, 12, 'L67', 19, 0.96, 0.18, 9.92, 50, 86),
(350, 3, 7, 'D20', 7, 0.96, 0.62, 1.55, 161, 17),
(351, 12, 6, 'Y17', 1, 0.14, 0.98, 4.52, 270, 19),
(352, 6, 4, 'S11', 1, 0.6, 0.17, 2.61, 148, 75),
(353, 6, 3, 'X74', 12, 0.78, 0.31, 5.14, 223, 69),
(354, 21, 14, 'Z04', 7, 0.63, 0.53, 2.71, 64, 73),
(355, 1, 11, 'K25', 19, 0.33, 0.74, 2.52, 196, 63),
(356, 14, 3, 'P26', 3, 0.59, 0.9, 9.85, 192, 24),
(357, 10, 14, 'U27', 4, 0.98, 0.17, 8.19, 156, 15),
(358, 14, 3, 'R45', 4, 0.4, 0.55, 3.49, 134, 31),
(359, 27, 3, 'Y61', 19, 0.2, 0.17, 2.7, 174, 16),
(360, 12, 6, 'C63', 12, 0.6, 0.26, 5.83, 271, 3),
(361, 25, 12, 'L54', 3, 0.2, 0.82, 9.05, 156, 87),
(362, 14, 9, 'I57', 7, 0.14, 0.9, 6.21, 107, 21),
(363, 30, 13, 'L17', 6, 0.69, 0.79, 5.56, 281, 99),
(364, 24, 9, 'C57', 17, 0.11, 0.8, 2.09, 96, 37),
(365, 4, 4, 'N11', 12, 0.29, 0.59, 3.94, 202, 5),
(366, 1, 12, 'M86', 20, 0.88, 0.31, 6.23, 283, 81),
(367, 29, 6, 'H87', 15, 0.83, 0.14, 4.73, 82, 27),
(368, 9, 2, 'Q87', 7, 0.13, 0.0, 2.18, 300, 62),
(369, 13, 15, 'E23', 16, 0.1, 0.61, 9.34, 131, 48),
(370, 25, 13, 'O76', 12, 0.95, 0.63, 9.03, 229, 69),
(371, 9, 15, 'Z95', 20, 0.45, 0.81, 8.72, 193, 43),
(372, 18, 13, 'I46', 8, 0.05, 0.66, 6.4, 232, 22),
(373, 21, 9, 'Y49', 4, 0.22, 0.7, 5.4, 203, 7),
(374, 11, 14, 'Q00', 4, 0.17, 0.98, 2.44, 183, 2),
(375, 30, 6, 'K56', 19, 0.97, 0.97, 6.59, 72, 17),
(376, 7, 4, 'L82', 14, 0.54, 0.42, 4.41, 149, 31),
(377, 30, 13, 'G99', 2, 0.18, 0.93, 6.22, 56, 45),
(378, 24, 1, 'H83', 20, 0.63, 0.97, 3.11, 257, 82),
(379, 12, 14, 'I31', 7, 0.31, 0.17, 6.81, 159, 40),
(380, 20, 9, 'F12', 10, 0.45, 0.65, 3.99, 268, 22),
(381, 7, 14, 'K42', 7, 0.51, 0.38, 7.84, 296, 30),
(382, 25, 8, 'O92', 3, 0.18, 0.69, 2.06, 245, 56),
(383, 21, 12, 'Z84', 7, 0.2, 0.17, 8.97, 111, 63),
(384, 6, 10, 'H53', 12, 0.82, 0.3, 1.02, 89, 71),
(385, 30, 11, 'L12', 20, 0.69, 0.93, 9.45, 97, 7),
(386, 19, 6, 'D62', 11, 0.94, 0.08, 7.62, 163, 17),
(387, 7, 2, 'V54', 9, 0.35, 0.73, 5.62, 159, 72),
(388, 5, 7, 'Q63', 10, 0.91, 0.17, 6.93, 208, 13),
(389, 10, 3, 'E40', 11, 0.66, 0.17, 6.52, 195, 23),
(390, 13, 6, 'W51', 14, 0.21, 0.59, 9.29, 274, 43),
(391, 21, 13, 'G17', 20, 0.16, 0.15, 4.39, 263, 57),
(392, 22, 14, 'O63', 16, 0.19, 0.86, 1.81, 299, 85),
(393, 22, 6, 'O34', 13, 0.85, 0.85, 3.95, 86, 78),
(394, 7, 15, 'S89', 9, 0.78, 0.17, 8.71, 98, 24),
(395, 10, 12, 'O22', 3, 0.94, 0.52, 4.65, 164, 14),
(396, 19, 7, 'E54', 18, 0.81, 0.67, 8.99, 221, 50),
(397, 28, 15, 'B96', 19, 0.03, 0.71, 9.47, 61, 53),
(398, 30, 7, 'U22', 18, 0.68, 0.78, 4.82, 58, 58),
(399, 14, 8, 'R60', 3, 0.5, 0.45, 6.81, 178, 96),
(400, 8, 8, 'G97', 7, 0.69, 0.61, 6.59, 187, 70),
(401, 23, 6, 'D11', 20, 0.19, 0.84, 6.79, 259, 85),
(402, 13, 15, 'T41', 1, 0.66, 0.37, 8.53, 53, 54),
(403, 13, 15, 'U80', 4, 0.85, 0.51, 8.77, 143, 68),
(404, 10, 7, 'K81', 14, 0.28, 0.69, 9.54, 145, 15),
(405, 1, 2, 'T79', 19, 0.62, 0.67, 2.49, 299, 54),
(406, 21, 13, 'G82', 4, 0.02, 0.03, 1.9, 87, 81),
(407, 21, 15, 'A65', 14, 0.28, 0.52, 8.2, 118, 74),
(408, 27, 4, 'I81', 4, 0.59, 0.72, 6.34, 169, 87),
(409, 24, 12, 'L09', 20, 0.22, 0.27, 9.68, 128, 63),
(410, 11, 14, 'C01', 20, 0.63, 0.34, 3.33, 87, 86),
(411, 26, 15, 'C36', 7, 0.98, 0.83, 1.92, 192, 69),
(412, 16, 2, 'Q93', 20, 0.56, 0.8, 1.71, 232, 18),
(413, 15, 13, 'Y32', 17, 0.03, 0.5, 1.43, 174, 21),
(414, 8, 14, 'M24', 13, 0.98, 0.59, 3.19, 167, 47),
(415, 2, 1, 'Z50', 13, 0.45, 0.1, 9.99, 188, 49),
(416, 15, 12, 'D22', 13, 0.64, 0.11, 1.89, 268, 91),
(417, 27, 15, 'E51', 5, 0.97, 0.32, 2.83, 188, 57),
(418, 24, 9, 'R73', 14, 0.31, 0.39, 1.1, 241, 100),
(419, 7, 3, 'C30', 20, 0.08, 0.02, 8.32, 299, 45),
(420, 21, 4, 'Z05', 8, 0.09, 0.73, 8.35, 223, 44),
(421, 9, 12, 'D43', 20, 0.72, 0.32, 9.96, 221, 56),
(422, 5, 12, 'R52', 8, 0.21, 0.08, 4.43, 109, 42),
(423, 13, 13, 'B36', 17, 0.52, 0.07, 5.94, 230, 14),
(424, 14, 15, 'I38', 9, 0.32, 0.2, 1.41, 291, 70),
(425, 12, 6, 'I04', 20, 0.73, 0.04, 9.08, 231, 24),
(426, 28, 10, 'T39', 9, 0.62, 0.3, 2.44, 178, 50),
(427, 18, 1, 'C92', 1, 0.69, 0.45, 2.52, 200, 60),
(428, 13, 12, 'F01', 8, 0.2, 0.39, 7.41, 147, 2),
(429, 23, 11, 'R84', 14, 0.89, 0.09, 4.28, 259, 10),
(430, 13, 9, 'J44', 19, 0.23, 0.59, 2.97, 185, 2),
(431, 30, 10, 'L58', 15, 0.52, 0.36, 9.63, 68, 61),
(432, 17, 5, 'O14', 4, 0.53, 0.75, 5.57, 187, 80),
(433, 29, 8, 'O96', 16, 0.57, 0.68, 9.07, 57, 33),
(434, 2, 10, 'Y71', 6, 0.04, 0.44, 7.4, 107, 10),
(435, 16, 15, 'J70', 15, 0.87, 0.94, 7.55, 249, 39),
(436, 15, 7, 'U86', 8, 0.74, 0.93, 5.74, 123, 53),
(437, 21, 9, 'S34', 14, 0.03, 0.72, 3.89, 149, 3),
(438, 26, 11, 'R28', 7, 0.61, 0.97, 5.15, 164, 46),
(439, 12, 6, 'P10', 9, 0.61, 0.47, 8.69, 153, 84),
(440, 16, 8, 'C27', 20, 0.13, 0.08, 4.73, 205, 84),
(441, 1, 13, 'V72', 11, 0.2, 0.86, 8.53, 222, 2),
(442, 9, 5, 'S77', 8, 0.73, 0.18, 3.77, 141, 40),
(443, 14, 11, 'O57', 18, 0.59, 0.69, 9.7, 181, 48),
(444, 9, 10, 'S12', 7, 0.86, 0.17, 6.26, 150, 3),
(445, 30, 15, 'L75', 2, 0.99, 0.69, 7.09, 197, 42),
(446, 15, 8, 'K37', 10, 0.38, 0.44, 9.47, 185, 57),
(447, 4, 13, 'R53', 12, 0.48, 0.56, 5.02, 74, 82),
(448, 13, 7, 'I48', 18, 0.09, 0.02, 8.93, 121, 9),
(449, 9, 9, 'R23', 2, 0.76, 0.12, 7.65, 70, 55),
(450, 8, 13, 'S03', 7, 0.14, 0.59, 1.16, 161, 92),
(451, 25, 9, 'C77', 20, 0.84, 0.35, 8.64, 233, 99),
(452, 18, 13, 'I46', 4, 0.42, 0.33, 4.67, 191, 44),
(453, 19, 1, 'Z89', 5, 0.07, 0.82, 4.75, 193, 29),
(454, 30, 6, 'U44', 1, 0.44, 0.68, 4.39, 191, 12),
(455, 6, 12, 'Y94', 18, 0.74, 0.82, 7.66, 256, 30),
(456, 3, 11, 'R15', 5, 0.8, 0.04, 1.36, 140, 53),
(457, 17, 14, 'Z03', 15, 0.61, 0.11, 9.89, 254, 33),
(458, 3, 15, 'E47', 5, 0.94, 0.35, 9.79, 54, 88),
(459, 22, 15, 'M00', 17, 0.7, 0.31, 5.82, 130, 58),
(460, 5, 11, 'K23', 3, 0.24, 0.11, 2.47, 65, 53),
(461, 3, 3, 'T87', 12, 0.21, 0.84, 6.69, 289, 30),
(462, 19, 7, 'P38', 12, 0.39, 0.04, 5.36, 111, 7),
(463, 2, 5, 'O04', 14, 0.72, 0.24, 1.81, 136, 44),
(464, 21, 15, 'D36', 8, 0.58, 0.47, 5.56, 137, 73),
(465, 12, 7, 'Z74', 1, 0.72, 0.32, 6.02, 286, 100),
(466, 18, 13, 'C34', 2, 0.17, 0.66, 2.71, 291, 25),
(467, 24, 6, 'M90', 20, 0.47, 0.5, 4.89, 193, 43),
(468, 7, 14, 'J30', 2, 0.24, 0.68, 6.26, 206, 46),
(469, 20, 9, 'K47', 11, 0.96, 0.79, 4.65, 159, 55),
(470, 20, 3, 'M45', 13, 0.48, 0.99, 4.45, 161, 57),
(471, 7, 9, 'E51', 10, 0.03, 0.25, 7.7, 247, 32),
(472, 19, 8, 'W40', 9, 0.01, 0.66, 8.55, 185, 87),
(473, 29, 11, 'L48', 2, 0.96, 0.2, 2.26, 157, 45),
(474, 2, 8, 'A49', 13, 0.02, 0.65, 7.76, 114, 60),
(475, 2, 5, 'A29', 2, 0.99, 0.01, 9.55, 65, 92),
(476, 20, 13, 'D56', 10, 0.02, 0.63, 7.64, 70, 30),
(477, 19, 1, 'A07', 13, 0.1, 0.59, 7.47, 288, 30),
(478, 24, 8, 'Z69', 5, 0.56, 0.28, 1.69, 100, 85),
(479, 14, 10, 'X35', 2, 0.51, 0.65, 2.25, 164, 13),
(480, 25, 6, 'O15', 7, 0.75, 0.34, 8.87, 137, 93),
(481, 7, 10, 'O34', 19, 0.19, 0.23, 1.89, 56, 55),
(482, 26, 13, 'L24', 19, 0.6, 0.48, 2.53, 94, 48),
(483, 7, 5, 'M17', 20, 0.53, 0.01, 2.3, 254, 12),
(484, 4, 14, 'T71', 1, 0.23, 0.62, 9.86, 295, 56),
(485, 16, 5, 'A50', 1, 0.22, 0.63, 4.75, 300, 15),
(486, 17, 10, 'I35', 6, 0.7, 0.2, 9.37, 84, 39),
(487, 1, 13, 'F69', 12, 0.93, 0.56, 6.35, 199, 73),
(488, 29, 6, 'T05', 15, 0.92, 0.52, 5.62, 52, 99),
(489, 2, 14, 'I89', 16, 0.04, 0.62, 7.35, 76, 93),
(490, 2, 12, 'X79', 5, 0.53, 0.15, 5.74, 71, 84),
(491, 13, 7, 'Y24', 9, 0.52, 0.09, 8.8, 155, 97),
(492, 26, 1, 'I27', 3, 0.67, 0.15, 1.76, 53, 87),
(493, 7, 6, 'N30', 8, 0.97, 0.86, 9.39, 215, 56),
(494, 30, 6, 'E53', 6, 0.65, 0.9, 7.88, 257, 53),
(495, 29, 15, 'V50', 10, 0.5, 0.98, 5.19, 291, 68),
(496, 9, 10, 'X77', 20, 0.84, 0.9, 3.03, 250, 11),
(497, 3, 12, 'P02', 5, 0.32, 0.27, 8.84, 102, 41),
(498, 22, 9, 'D91', 3, 0.92, 0.87, 3.65, 187, 6),
(499, 15, 9, 'F90', 15, 0.08, 0.45, 8.26, 296, 58),
(500, 15, 7, 'L72', 1, 0.25, 0.86, 5.44, 257, 6),
(501, 17, 15, 'T74', 7, 0.79, 0.27, 6.26, 169, 29),
(502, 29, 7, 'J46', 5, 0.79, 0.73, 8.59, 52, 34),
(503, 2, 1, 'P69', 11, 0.56, 0.06, 5.36, 233, 3),
(504, 30, 8, 'U06', 20, 0.09, 0.62, 3.71, 197, 62),
(505, 28, 3, 'U10', 10, 1.0, 0.14, 3.68, 180, 27),
(506, 17, 3, 'U40', 10, 0.22, 0.13, 2.62, 296, 24),
(507, 4, 11, 'E71', 10, 0.74, 0.72, 2.74, 264, 71),
(508, 7, 13, 'Q85', 5, 0.49, 0.67, 6.23, 100, 11),
(509, 11, 5, 'F82', 3, 0.59, 0.59, 4.2, 156, 87),
(510, 26, 8, 'H12', 8, 0.13, 0.95, 2.14, 162, 38),
(511, 21, 10, 'X51', 7, 0.76, 0.58, 4.44, 109, 48),
(512, 13, 15, 'G98', 11, 0.36, 0.45, 3.7, 246, 6),
(513, 12, 13, 'R95', 20, 0.55, 0.84, 2.64, 111, 38),
(514, 17, 12, 'R06', 4, 0.17, 0.19, 7.35, 162, 16),
(515, 12, 8, 'P53', 11, 0.46, 0.45, 4.73, 139, 21),
(516, 16, 3, 'Q28', 11, 0.66, 0.05, 9.17, 121, 48),
(517, 25, 12, 'R29', 6, 0.31, 0.62, 1.65, 192, 91),
(518, 12, 12, 'P91', 9, 0.38, 0.99, 9.67, 111, 88),
(519, 27, 14, 'N14', 10, 0.06, 0.81, 5.56, 182, 47),
(520, 7, 14, 'D08', 11, 0.98, 0.43, 1.5, 255, 48),
(521, 2, 7, 'O72', 9, 0.65, 0.04, 6.94, 65, 89),
(522, 20, 11, 'D67', 20, 0.37, 0.18, 6.47, 52, 15),
(523, 19, 8, 'L56', 5, 0.44, 0.59, 9.48, 153, 58),
(524, 14, 10, 'K37', 17, 0.15, 0.62, 9.62, 146, 69),
(525, 13, 2, 'Q93', 17, 0.63, 0.17, 2.48, 233, 16),
(526, 5, 2, 'G01', 2, 0.67, 0.88, 8.17, 117, 68),
(527, 11, 1, 'S56', 8, 0.7, 0.86, 3.15, 170, 59),
(528, 23, 4, 'O94', 6, 0.69, 0.86, 3.85, 146, 25),
(529, 22, 13, 'B47', 8, 0.23, 0.99, 5.64, 121, 11),
(530, 3, 9, 'R94', 14, 0.96, 0.47, 6.77, 64, 49),
(531, 3, 14, 'O16', 5, 0.48, 0.6, 9.0, 289, 16),
(532, 28, 9, 'Y58', 7, 0.94, 0.41, 8.35, 252, 93),
(533, 1, 15, 'A68', 10, 0.78, 0.44, 6.85, 74, 70),
(534, 11, 14, 'K26', 20, 0.41, 0.24, 1.31, 245, 75),
(535, 23, 2, 'O03', 10, 0.83, 0.68, 6.47, 230, 66),
(536, 11, 10, 'F94', 9, 0.95, 0.87, 8.06, 187, 76),
(537, 3, 1, 'B76', 17, 0.84, 0.77, 7.64, 130, 51),
(538, 28, 11, 'K22', 20, 0.76, 0.49, 6.32, 157, 13),
(539, 24, 13, 'N15', 17, 0.17, 0.08, 8.59, 122, 37),
(540, 29, 4, 'J24', 9, 0.23, 0.19, 1.27, 280, 52),
(541, 3, 11, 'V56', 11, 0.85, 0.42, 3.79, 198, 41),
(542, 5, 3, 'Q35', 19, 0.06, 0.07, 4.48, 177, 8),
(543, 8, 10, 'N04', 3, 0.02, 0.48, 9.2, 234, 21),
(544, 12, 4, 'D93', 20, 0.44, 0.08, 7.41, 158, 51),
(545, 14, 11, 'X31', 12, 0.97, 0.01, 6.81, 211, 55),
(546, 6, 2, 'F57', 9, 1.0, 0.23, 9.89, 132, 6),
(547, 13, 8, 'U60', 18, 0.73, 0.73, 4.66, 124, 83),
(548, 6, 4, 'L26', 7, 0.75, 0.44, 3.37, 100, 51),
(549, 15, 6, 'N44', 18, 0.66, 0.18, 3.44, 216, 72),
(550, 3, 15, 'G75', 20, 0.64, 0.28, 9.35, 216, 32),
(551, 1, 12, 'H01', 6, 0.03, 0.56, 5.82, 287, 28),
(552, 11, 7, 'Y30', 6, 0.09, 0.2, 2.2, 82, 40),
(553, 1, 8, 'Y25', 7, 0.92, 0.5, 9.86, 217, 60),
(554, 29, 14, 'U57', 19, 0.5, 0.92, 9.1, 173, 64),
(555, 6, 4, 'G12', 8, 0.04, 0.5, 9.78, 264, 60),
(556, 6, 6, 'R17', 18, 0.3, 0.41, 6.14, 266, 83),
(557, 3, 10, 'I57', 20, 0.47, 0.13, 3.98, 178, 93),
(558, 7, 1, 'B84', 7, 0.71, 0.17, 6.46, 271, 67),
(559, 22, 14, 'N32', 20, 0.25, 0.45, 5.28, 296, 76),
(560, 13, 7, 'Q68', 20, 0.29, 0.29, 2.95, 207, 73),
(561, 21, 12, 'K10', 3, 0.34, 0.42, 8.29, 111, 81),
(562, 27, 5, 'W51', 4, 0.76, 0.83, 6.63, 278, 58),
(563, 13, 3, 'O00', 8, 0.14, 0.46, 7.59, 176, 62),
(564, 26, 3, 'K03', 8, 0.95, 0.71, 4.6, 179, 36),
(565, 14, 7, 'J88', 14, 0.1, 0.2, 6.19, 197, 58),
(566, 10, 2, 'O18', 12, 0.25, 0.59, 8.73, 229, 54),
(567, 10, 6, 'N24', 13, 0.39, 0.29, 2.11, 198, 19),
(568, 5, 6, 'Z47', 8, 0.62, 0.65, 5.3, 105, 44),
(569, 27, 13, 'M36', 1, 0.52, 0.6, 5.47, 125, 43),
(570, 12, 3, 'Q39', 10, 0.67, 0.54, 2.15, 58, 79),
(571, 3, 5, 'V89', 20, 0.09, 0.59, 6.23, 247, 22),
(572, 14, 7, 'L10', 8, 0.18, 0.14, 4.0, 55, 85),
(573, 12, 15, 'H55', 9, 0.5, 0.43, 3.59, 197, 80),
(574, 19, 5, 'Z83', 11, 0.1, 0.86, 9.12, 217, 81),
(575, 10, 15, 'S27', 15, 0.83, 0.29, 3.7, 187, 79),
(576, 3, 9, 'Q56', 9, 0.6, 0.28, 5.83, 194, 78),
(577, 19, 15, 'O01', 11, 0.3, 0.74, 5.78, 262, 43),
(578, 8, 10, 'S23', 2, 0.19, 0.84, 4.68, 75, 57),
(579, 25, 3, 'S09', 14, 0.65, 0.68, 4.19, 198, 51),
(580, 30, 15, 'W81', 6, 0.31, 0.95, 4.31, 178, 75),
(581, 3, 14, 'Q06', 15, 0.08, 0.5, 1.74, 225, 65),
(582, 24, 3, 'O38', 14, 0.58, 0.54, 5.89, 191, 15),
(583, 22, 3, 'M22', 19, 0.46, 0.23, 3.98, 170, 69),
(584, 29, 12, 'G67', 12, 0.75, 0.23, 1.15, 125, 35),
(585, 30, 7, 'T90', 13, 0.78, 0.35, 4.81, 297, 44),
(586, 27, 13, 'B51', 14, 0.72, 0.25, 3.62, 167, 43),
(587, 18, 4, 'T68', 15, 0.36, 0.0, 1.21, 222, 21),
(588, 20, 12, 'J62', 20, 0.41, 0.47, 9.35, 59, 56),
(589, 27, 11, 'H76', 10, 0.34, 0.67, 3.36, 262, 89),
(590, 9, 14, 'S74', 20, 0.82, 0.66, 6.4, 221, 60),
(591, 1, 2, 'I21', 18, 0.7, 0.35, 3.22, 161, 13),
(592, 3, 6, 'Q15', 19, 0.7, 0.48, 2.7, 174, 88),
(593, 4, 5, 'G52', 14, 0.48, 0.53, 4.94, 60, 15),
(594, 6, 14, 'Y57', 17, 0.6, 0.06, 6.7, 240, 31),
(595, 29, 9, 'Z89', 16, 0.51, 0.74, 1.36, 120, 67),
(596, 21, 11, 'W93', 17, 0.47, 0.58, 8.97, 291, 26),
(597, 22, 14, 'S61', 15, 0.02, 0.09, 1.51, 207, 9),
(598, 11, 2, 'H32', 20, 0.23, 0.25, 6.21, 286, 97),
(599, 2, 5, 'U38', 16, 0.75, 0.17, 8.09, 212, 16),
(600, 8, 1, 'V30', 3, 0.48, 0.79, 6.38, 283, 7),
(601, 26, 7, 'O43', 17, 0.37, 0.37, 8.7, 97, 73),
(602, 14, 15, 'D61', 17, 0.38, 0.15, 2.49, 224, 8),
(603, 8, 11, 'J50', 5, 0.54, 0.08, 4.76, 268, 75),
(604, 7, 9, 'S08', 14, 0.53, 0.05, 8.59, 280, 14),
(605, 29, 14, 'C74', 15, 0.88, 0.15, 8.0, 233, 89),
(606, 19, 3, 'G02', 13, 0.7, 0.2, 1.75, 232, 3),
(607, 24, 10, 'H50', 5, 0.8, 0.74, 8.52, 124, 92),
(608, 6, 7, 'P59', 1, 0.86, 0.16, 5.0, 157, 10),
(609, 21, 6, 'O10', 2, 0.68, 0.04, 9.32, 72, 11),
(610, 14, 8, 'K70', 8, 0.02, 0.32, 5.35, 105, 96),
(611, 9, 7, 'S71', 20, 0.77, 0.02, 4.54, 66, 18),
(612, 15, 2, 'P59', 20, 0.08, 0.66, 6.23, 104, 70),
(613, 11, 1, 'C55', 15, 0.74, 0.18, 4.81, 148, 36),
(614, 9, 4, 'K71', 7, 0.93, 0.09, 2.12, 148, 9),
(615, 30, 14, 'U50', 1, 0.47, 0.12, 8.86, 295, 51),
(616, 18, 7, 'K28', 6, 0.76, 0.0, 2.94, 155, 24),
(617, 22, 13, 'V27', 8, 0.32, 0.47, 7.25, 96, 86),
(618, 15, 7, 'T81', 5, 0.96, 0.92, 5.56, 223, 10),
(619, 16, 10, 'L83', 7, 0.92, 0.65, 7.04, 127, 2),
(620, 8, 4, 'V48', 4, 0.58, 0.69, 4.41, 97, 58),
(621, 6, 13, 'E42', 5, 0.07, 0.08, 7.79, 274, 76),
(622, 26, 1, 'T14', 2, 0.62, 0.44, 3.44, 159, 34),
(623, 23, 5, 'J53', 15, 0.01, 0.04, 8.41, 188, 47),
(624, 10, 11, 'Y58', 11, 0.21, 0.69, 6.43, 286, 43),
(625, 8, 4, 'D72', 12, 0.32, 0.36, 2.82, 123, 44),
(626, 8, 7, 'O69', 4, 0.12, 0.31, 7.51, 137, 55),
(627, 1, 13, 'G03', 4, 0.79, 0.05, 1.36, 212, 24),
(628, 28, 2, 'V80', 14, 0.26, 0.17, 9.62, 206, 45),
(629, 27, 4, 'R84', 2, 0.57, 0.38, 6.3, 259, 57),
(630, 16, 11, 'A01', 20, 0.81, 0.57, 1.67, 223, 90),
(631, 22, 13, 'F91', 8, 0.94, 0.09, 2.7, 202, 57),
(632, 12, 15, 'S22', 10, 0.79, 0.32, 1.44, 105, 62),
(633, 28, 6, 'O16', 4, 0.99, 0.63, 8.41, 96, 27),
(634, 3, 9, 'K84', 13, 0.11, 0.23, 1.95, 54, 12),
(635, 26, 6, 'U07', 17, 0.93, 0.89, 2.46, 281, 67),
(636, 8, 7, 'S91', 20, 0.05, 0.36, 6.96, 138, 99),
(637, 9, 9, 'W36', 8, 0.35, 0.28, 3.36, 214, 23),
(638, 3, 1, 'L20', 2, 0.04, 0.2, 8.76, 235, 83),
(639, 9, 7, 'V06', 9, 0.65, 0.28, 8.57, 115, 72),
(640, 25, 10, 'P16', 14, 0.13, 0.28, 2.24, 169, 62),
(641, 23, 11, 'K40', 2, 0.73, 0.9, 9.83, 262, 1),
(642, 10, 7, 'L97', 11, 0.26, 0.73, 8.32, 87, 92),
(643, 13, 12, 'K62', 4, 0.91, 0.3, 3.9, 257, 99),
(644, 29, 8, 'E82', 1, 0.94, 0.31, 9.42, 229, 45),
(645, 23, 9, 'J36', 4, 0.15, 0.14, 2.31, 292, 83),
(646, 20, 7, 'B29', 12, 0.47, 0.51, 1.93, 107, 17),
(647, 20, 12, 'L13', 7, 0.67, 0.06, 5.29, 221, 10),
(648, 10, 10, 'R43', 2, 0.37, 0.82, 1.22, 277, 32),
(649, 9, 14, 'T43', 15, 0.28, 0.71, 8.36, 131, 42),
(650, 24, 13, 'Q17', 6, 0.77, 0.8, 2.48, 81, 14),
(651, 22, 8, 'I77', 12, 0.55, 0.15, 7.75, 140, 77),
(652, 10, 3, 'G29', 1, 0.92, 0.87, 9.72, 83, 41),
(653, 6, 12, 'Z14', 3, 0.41, 0.53, 1.9, 73, 69),
(654, 26, 8, 'V94', 5, 0.83, 0.96, 9.23, 103, 31),
(655, 24, 5, 'J67', 3, 0.58, 0.21, 5.78, 117, 30),
(656, 16, 15, 'D71', 6, 0.35, 0.39, 7.65, 109, 61),
(657, 1, 1, 'S85', 16, 0.25, 0.94, 9.12, 56, 44),
(658, 6, 15, 'I41', 1, 0.69, 0.88, 9.43, 204, 90),
(659, 23, 5, 'P48', 8, 0.3, 0.94, 1.6, 55, 42),
(660, 17, 13, 'V26', 16, 0.96, 0.27, 1.4, 267, 79),
(661, 23, 6, 'U38', 20, 0.48, 0.48, 1.42, 110, 87),
(662, 9, 14, 'D34', 18, 0.89, 0.42, 4.37, 181, 71),
(663, 27, 3, 'E29', 10, 0.01, 0.78, 8.35, 285, 27),
(664, 9, 8, 'G50', 14, 0.16, 0.66, 3.51, 247, 96),
(665, 27, 12, 'W79', 1, 0.36, 0.93, 6.19, 207, 49),
(666, 9, 13, 'N71', 5, 0.3, 0.95, 7.27, 116, 95),
(667, 10, 5, 'J97', 5, 0.53, 0.52, 6.09, 257, 37),
(668, 4, 3, 'W80', 3, 0.08, 0.24, 2.92, 100, 49),
(669, 28, 14, 'K25', 13, 0.05, 0.52, 6.61, 248, 36),
(670, 8, 14, 'O46', 2, 0.04, 0.25, 3.82, 226, 18),
(671, 9, 1, 'T98', 10, 0.38, 0.04, 3.81, 213, 36),
(672, 17, 13, 'K40', 19, 0.68, 0.58, 9.44, 146, 40),
(673, 17, 5, 'Q87', 3, 0.52, 0.57, 9.18, 246, 31),
(674, 30, 4, 'G37', 10, 0.02, 0.54, 5.33, 176, 29),
(675, 14, 5, 'H32', 1, 0.51, 0.32, 4.75, 284, 71),
(676, 26, 5, 'Q52', 18, 0.58, 0.6, 6.18, 264, 46),
(677, 15, 12, 'T91', 19, 0.04, 0.46, 9.13, 169, 70),
(678, 13, 7, 'C30', 20, 0.69, 0.28, 1.49, 208, 77),
(679, 1, 4, 'E58', 3, 0.23, 0.12, 7.13, 161, 33),
(680, 10, 13, 'G65', 2, 0.25, 0.08, 4.06, 87, 90),
(681, 11, 13, 'E35', 16, 0.09, 0.96, 7.11, 106, 78),
(682, 7, 15, 'E21', 3, 0.81, 0.28, 8.47, 239, 4),
(683, 5, 13, 'V69', 2, 0.22, 0.66, 2.07, 174, 79),
(684, 8, 14, 'J81', 12, 0.3, 0.37, 2.25, 102, 20),
(685, 1, 6, 'W95', 16, 0.03, 0.01, 6.18, 183, 56),
(686, 12, 9, 'V63', 13, 0.79, 0.01, 6.88, 154, 75),
(687, 8, 11, 'A92', 19, 0.8, 0.3, 8.53, 114, 43),
(688, 26, 5, 'O36', 17, 0.06, 0.1, 2.07, 290, 28),
(689, 2, 13, 'Z75', 13, 0.65, 0.01, 9.13, 81, 50),
(690, 22, 14, 'A27', 20, 0.55, 0.26, 8.47, 270, 9),
(691, 9, 3, 'P61', 16, 0.03, 0.05, 2.41, 65, 24),
(692, 15, 1, 'U20', 1, 0.4, 0.63, 9.74, 83, 31),
(693, 2, 2, 'S71', 2, 0.77, 0.43, 9.67, 277, 57),
(694, 18, 14, 'W04', 3, 0.92, 0.56, 5.31, 174, 7),
(695, 27, 12, 'H55', 18, 0.98, 0.59, 8.98, 121, 0),
(696, 23, 11, 'Q30', 8, 0.63, 0.26, 9.61, 190, 65),
(697, 12, 9, 'B06', 12, 0.33, 0.47, 8.85, 130, 32),
(698, 23, 11, 'E77', 9, 0.54, 0.53, 8.11, 124, 93),
(699, 9, 14, 'U25', 4, 0.11, 0.68, 7.2, 274, 18),
(700, 30, 15, 'R86', 20, 0.88, 0.79, 9.42, 119, 67),
(701, 18, 14, 'J44', 3, 0.4, 0.41, 9.48, 163, 38),
(702, 23, 9, 'R69', 7, 0.06, 0.99, 5.83, 93, 90),
(703, 2, 8, 'Z32', 14, 0.64, 0.44, 9.11, 169, 98),
(704, 19, 4, 'F82', 18, 0.02, 0.56, 6.2, 262, 58),
(705, 16, 1, 'L35', 10, 0.08, 0.98, 5.3, 290, 74),
(706, 5, 1, 'X95', 7, 0.32, 0.37, 2.97, 184, 85),
(707, 16, 10, 'B53', 7, 0.37, 0.66, 7.82, 152, 73),
(708, 21, 1, 'Y34', 14, 0.21, 0.3, 8.91, 176, 30),
(709, 30, 11, 'N91', 13, 0.06, 0.15, 8.3, 232, 38),
(710, 21, 13, 'P81', 9, 0.86, 0.42, 1.53, 78, 64),
(711, 17, 9, 'L47', 5, 0.93, 0.28, 7.64, 276, 87),
(712, 16, 5, 'E57', 2, 0.78, 0.75, 6.48, 84, 13),
(713, 25, 13, 'F66', 20, 0.83, 0.78, 8.94, 221, 57),
(714, 12, 14, 'N32', 1, 0.91, 0.46, 6.57, 272, 96),
(715, 18, 4, 'I63', 18, 0.04, 0.0, 4.2, 244, 63),
(716, 15, 8, 'P95', 19, 0.82, 0.71, 2.23, 55, 41),
(717, 21, 6, 'S04', 1, 0.98, 0.85, 9.94, 52, 11),
(718, 8, 7, 'L25', 12, 0.41, 0.32, 5.7, 232, 4),
(719, 19, 6, 'Y51', 15, 0.49, 0.22, 6.9, 114, 70),
(720, 22, 7, 'O38', 3, 0.7, 0.44, 3.2, 53, 97),
(721, 7, 2, 'P32', 6, 0.69, 0.35, 4.68, 161, 61),
(722, 25, 7, 'Y80', 11, 0.88, 0.75, 8.43, 138, 88),
(723, 15, 4, 'U12', 14, 0.31, 0.71, 2.97, 233, 98),
(724, 5, 15, 'Q00', 19, 0.38, 0.13, 4.27, 69, 12),
(725, 14, 5, 'X38', 4, 0.54, 0.83, 9.07, 150, 88),
(726, 5, 15, 'D85', 15, 0.42, 0.46, 6.71, 126, 41),
(727, 18, 8, 'K75', 9, 0.79, 0.92, 6.88, 167, 63),
(728, 11, 7, 'M66', 6, 0.7, 0.78, 1.75, 296, 51),
(729, 5, 15, 'S56', 10, 0.52, 0.6, 2.45, 192, 71),
(730, 21, 8, 'B05', 14, 0.68, 0.49, 1.79, 274, 20),
(731, 10, 15, 'R05', 7, 0.32, 0.8, 5.84, 182, 72),
(732, 18, 12, 'T73', 2, 0.23, 0.29, 3.41, 94, 28),
(733, 20, 5, 'N64', 18, 0.99, 0.74, 1.77, 111, 47),
(734, 24, 7, 'R04', 7, 0.7, 0.8, 5.18, 296, 85),
(735, 6, 7, 'N98', 6, 0.69, 0.55, 5.19, 261, 36),
(736, 18, 3, 'P86', 5, 0.89, 0.28, 7.39, 172, 37),
(737, 5, 5, 'D59', 20, 0.16, 0.02, 9.64, 55, 12),
(738, 28, 12, 'G71', 2, 0.02, 0.68, 2.33, 56, 3),
(739, 1, 6, 'E53', 5, 0.16, 0.34, 8.12, 238, 38),
(740, 30, 1, 'O86', 16, 0.71, 0.53, 4.1, 208, 21),
(741, 24, 1, 'X03', 12, 0.31, 0.03, 6.33, 128, 67),
(742, 3, 8, 'E57', 3, 0.27, 0.42, 9.48, 153, 69),
(743, 22, 14, 'R31', 20, 0.76, 0.53, 4.22, 205, 86),
(744, 4, 6, 'H51', 4, 0.25, 1.0, 2.87, 201, 71),
(745, 29, 6, 'U44', 14, 0.56, 0.69, 7.78, 93, 46),
(746, 27, 1, 'F24', 1, 0.53, 0.9, 2.22, 205, 8),
(747, 17, 1, 'A72', 9, 0.33, 0.38, 8.78, 119, 83),
(748, 5, 7, 'N14', 8, 0.07, 0.48, 3.82, 275, 52),
(749, 27, 8, 'S48', 9, 0.43, 0.24, 5.18, 147, 6),
(750, 20, 9, 'D89', 12, 0.08, 0.37, 4.4, 216, 12),
(751, 15, 15, 'W06', 20, 0.93, 0.67, 4.42, 190, 76),
(752, 13, 11, 'X24', 3, 0.45, 0.78, 4.31, 209, 70),
(753, 7, 2, 'M58', 10, 0.63, 0.4, 6.04, 217, 12),
(754, 1, 6, 'J99', 2, 0.15, 0.1, 6.39, 59, 61),
(755, 11, 2, 'X23', 11, 0.69, 0.34, 9.39, 227, 70),
(756, 7, 15, 'E80', 15, 0.65, 0.03, 1.38, 201, 90),
(757, 28, 10, 'O80', 9, 0.3, 0.49, 3.35, 170, 53),
(758, 16, 5, 'Q08', 20, 0.44, 0.98, 6.38, 151, 64),
(759, 21, 9, 'K09', 6, 0.76, 0.93, 2.21, 115, 5),
(760, 27, 12, 'G49', 8, 0.1, 0.52, 6.89, 135, 69),
(761, 2, 12, 'J82', 6, 0.7, 0.01, 8.67, 280, 31),
(762, 20, 6, 'Z66', 2, 0.0, 0.55, 6.53, 209, 76),
(763, 10, 5, 'X16', 1, 0.01, 0.27, 8.1, 59, 91),
(764, 11, 8, 'E62', 15, 0.81, 0.74, 1.49, 262, 88),
(765, 15, 6, 'E37', 7, 0.28, 0.24, 1.2, 92, 53),
(766, 8, 7, 'D14', 8, 0.34, 0.04, 6.96, 58, 16),
(767, 8, 8, 'T14', 17, 0.15, 0.46, 8.91, 72, 74),
(768, 7, 6, 'Z34', 7, 0.38, 0.51, 3.75, 81, 28),
(769, 17, 2, 'L19', 15, 0.82, 0.87, 9.54, 163, 17),
(770, 19, 9, 'P63', 4, 0.81, 0.38, 3.22, 121, 18),
(771, 27, 8, 'U10', 5, 0.79, 0.48, 4.4, 52, 5),
(772, 26, 13, 'S89', 17, 0.43, 0.04, 7.81, 182, 22),
(773, 6, 12, 'I40', 3, 0.6, 0.42, 7.07, 134, 79),
(774, 30, 12, 'X65', 3, 0.23, 0.22, 7.03, 286, 33),
(775, 27, 5, 'G04', 5, 0.56, 0.08, 4.18, 86, 75),
(776, 17, 15, 'W12', 16, 0.16, 0.51, 2.94, 127, 69),
(777, 7, 3, 'P00', 15, 0.19, 0.62, 3.47, 101, 53),
(778, 13, 14, 'P44', 7, 0.6, 0.19, 2.78, 61, 68),
(779, 26, 14, 'R37', 20, 0.33, 0.25, 8.63, 140, 41),
(780, 4, 6, 'F49', 18, 0.83, 0.41, 6.9, 126, 91),
(781, 18, 3, 'E45', 6, 0.47, 0.98, 9.13, 230, 99),
(782, 4, 6, 'P87', 9, 0.63, 0.58, 9.53, 178, 22),
(783, 2, 13, 'O64', 8, 0.67, 0.56, 7.14, 69, 81),
(784, 23, 1, 'G75', 1, 0.63, 0.44, 9.31, 105, 25),
(785, 4, 9, 'V04', 19, 0.29, 0.83, 3.9, 188, 93),
(786, 2, 12, 'A85', 10, 0.47, 0.8, 9.41, 70, 19),
(787, 25, 5, 'W32', 5, 0.79, 0.85, 2.08, 188, 35),
(788, 14, 1, 'S97', 9, 0.39, 0.03, 9.87, 69, 90),
(789, 27, 5, 'U55', 17, 0.87, 0.28, 2.09, 100, 70),
(790, 14, 6, 'E05', 6, 0.38, 0.3, 9.05, 275, 70),
(791, 16, 3, 'D07', 16, 0.19, 0.87, 1.64, 73, 46),
(792, 15, 2, 'B35', 11, 0.65, 0.57, 7.35, 140, 52),
(793, 2, 15, 'N11', 12, 0.95, 0.91, 8.63, 228, 5),
(794, 13, 1, 'M41', 19, 0.26, 0.47, 4.19, 194, 75),
(795, 29, 2, 'P97', 16, 0.29, 0.7, 7.34, 236, 11),
(796, 23, 6, 'T85', 4, 0.36, 0.69, 1.16, 143, 94),
(797, 9, 4, 'Q65', 15, 0.6, 0.03, 9.38, 294, 44),
(798, 26, 5, 'X74', 6, 0.23, 0.44, 1.38, 258, 15),
(799, 19, 3, 'D83', 19, 0.28, 0.16, 9.76, 108, 8),
(800, 5, 1, 'M80', 5, 0.24, 0.64, 4.14, 55, 82),
(801, 16, 1, 'F05', 12, 0.27, 0.57, 2.8, 172, 65),
(802, 25, 6, 'J41', 4, 0.52, 0.88, 2.05, 218, 30),
(803, 22, 2, 'V87', 18, 0.12, 0.53, 6.86, 85, 76),
(804, 13, 2, 'Z35', 19, 0.77, 0.69, 8.84, 213, 19),
(805, 28, 10, 'F76', 11, 0.23, 0.36, 8.0, 161, 39),
(806, 30, 13, 'U15', 9, 0.06, 0.38, 6.19, 59, 8),
(807, 5, 3, 'O87', 17, 0.23, 0.08, 3.29, 131, 12),
(808, 21, 13, 'B50', 7, 0.96, 0.37, 8.07, 215, 67),
(809, 6, 7, 'T88', 17, 0.17, 0.81, 8.85, 180, 60),
(810, 18, 1, 'K80', 16, 0.62, 0.62, 4.66, 171, 6),
(811, 10, 1, 'N84', 19, 0.76, 0.64, 3.72, 237, 84),
(812, 28, 15, 'M43', 8, 0.45, 0.82, 3.92, 200, 27),
(813, 22, 9, 'S28', 6, 0.65, 0.74, 3.16, 212, 65),
(814, 17, 14, 'B84', 13, 0.99, 0.81, 2.08, 65, 86),
(815, 13, 9, 'M86', 13, 0.65, 0.2, 5.64, 242, 32),
(816, 28, 5, 'I07', 7, 0.98, 0.92, 3.0, 229, 21),
(817, 7, 14, 'B13', 19, 0.36, 0.51, 1.07, 187, 37),
(818, 10, 9, 'X76', 20, 0.63, 0.38, 2.83, 182, 87),
(819, 9, 11, 'C91', 11, 0.29, 0.84, 2.85, 104, 68),
(820, 2, 7, 'H79', 17, 0.4, 0.49, 1.37, 83, 36),
(821, 4, 14, 'I73', 14, 0.07, 0.51, 1.94, 203, 0),
(822, 17, 1, 'I55', 18, 0.87, 0.1, 5.39, 225, 77),
(823, 27, 5, 'M30', 3, 0.98, 0.87, 4.36, 205, 41),
(824, 24, 2, 'L23', 10, 0.92, 0.22, 2.39, 86, 87),
(825, 12, 14, 'J15', 2, 0.38, 0.73, 6.54, 197, 59),
(826, 12, 3, 'R32', 5, 0.66, 0.8, 2.35, 227, 86),
(827, 14, 8, 'K27', 5, 0.5, 0.36, 4.18, 262, 84),
(828, 15, 13, 'I32', 12, 0.43, 0.2, 8.92, 86, 60),
(829, 27, 13, 'J72', 13, 0.16, 0.49, 5.58, 254, 94),
(830, 26, 9, 'U05', 4, 0.92, 0.05, 6.21, 299, 31),
(831, 26, 1, 'B24', 4, 0.04, 0.29, 2.94, 136, 62),
(832, 30, 9, 'Y32', 9, 0.22, 0.2, 8.17, 245, 68),
(833, 1, 14, 'O07', 1, 0.66, 0.8, 9.98, 86, 47),
(834, 27, 15, 'P82', 10, 0.04, 0.19, 3.04, 283, 96),
(835, 11, 2, 'Y62', 9, 0.06, 0.15, 4.59, 266, 21),
(836, 10, 13, 'P76', 8, 0.98, 0.45, 3.24, 70, 16),
(837, 2, 1, 'P43', 6, 0.5, 0.33, 7.56, 64, 92),
(838, 12, 15, 'S96', 1, 0.1, 0.49, 7.28, 63, 79),
(839, 13, 15, 'I13', 1, 0.59, 0.47, 6.47, 178, 41),
(840, 8, 8, 'L98', 20, 0.94, 0.19, 9.59, 252, 81),
(841, 28, 6, 'R05', 8, 0.3, 0.93, 9.75, 140, 45),
(842, 23, 6, 'O75', 2, 0.19, 0.18, 7.46, 267, 23),
(843, 7, 6, 'Y70', 2, 0.22, 0.82, 2.2, 55, 57),
(844, 2, 1, 'A68', 18, 0.02, 0.9, 3.27, 246, 10),
(845, 17, 11, 'N31', 4, 0.69, 0.25, 2.14, 113, 15),
(846, 12, 5, 'M40', 18, 0.12, 0.02, 3.82, 179, 92),
(847, 19, 6, 'R27', 17, 0.86, 0.95, 2.57, 283, 0),
(848, 17, 9, 'Z65', 5, 0.41, 0.65, 9.81, 147, 36),
(849, 24, 7, 'W86', 16, 0.84, 1.0, 4.98, 177, 29),
(850, 23, 15, 'R98', 7, 0.5, 0.52, 3.47, 212, 85),
(851, 16, 4, 'E35', 12, 0.9, 0.69, 8.25, 228, 99),
(852, 23, 13, 'E56', 16, 0.55, 0.73, 7.97, 73, 88),
(853, 13, 7, 'E43', 9, 0.9, 0.93, 7.71, 134, 71),
(854, 21, 15, 'W12', 2, 0.64, 0.53, 4.83, 235, 33),
(855, 6, 5, 'X87', 16, 0.98, 0.72, 4.92, 92, 45),
(856, 1, 12, 'L90', 1, 0.18, 0.87, 3.9, 265, 36),
(857, 12, 12, 'B39', 2, 0.53, 0.49, 5.78, 195, 17),
(858, 9, 2, 'O32', 11, 0.77, 0.42, 8.52, 201, 46),
(859, 28, 2, 'U85', 12, 0.06, 0.5, 9.65, 82, 75),
(860, 1, 7, 'V09', 6, 0.55, 0.36, 2.76, 75, 78),
(861, 25, 12, 'I72', 7, 0.53, 0.72, 1.38, 180, 17),
(862, 12, 9, 'F22', 4, 0.61, 0.91, 8.93, 198, 22),
(863, 30, 9, 'Y44', 2, 0.49, 0.67, 4.67, 97, 37),
(864, 17, 15, 'D74', 1, 0.84, 0.86, 9.94, 104, 91),
(865, 7, 2, 'F74', 11, 0.41, 0.01, 9.71, 116, 0),
(866, 14, 15, 'X77', 15, 0.74, 0.65, 7.27, 118, 77),
(867, 9, 11, 'J63', 15, 0.31, 0.1, 9.21, 79, 31),
(868, 29, 10, 'R85', 19, 0.07, 0.71, 4.2, 286, 6),
(869, 20, 10, 'N35', 3, 0.26, 0.55, 7.39, 286, 70),
(870, 18, 9, 'M42', 5, 0.28, 0.63, 6.32, 62, 67),
(871, 21, 14, 'M09', 5, 0.35, 0.57, 6.01, 121, 95),
(872, 18, 14, 'R35', 2, 0.84, 0.14, 2.78, 234, 19),
(873, 17, 3, 'E17', 2, 0.6, 0.19, 3.26, 185, 23),
(874, 29, 1, 'N16', 11, 0.0, 0.28, 5.18, 211, 14),
(875, 22, 1, 'W37', 3, 0.44, 0.28, 4.38, 89, 94),
(876, 19, 13, 'U93', 15, 0.3, 0.58, 4.8, 177, 63),
(877, 16, 1, 'J94', 11, 0.26, 0.59, 2.54, 201, 76),
(878, 18, 10, 'S36', 15, 0.37, 0.47, 9.66, 222, 85),
(879, 11, 8, 'M24', 15, 0.68, 0.64, 4.13, 52, 3),
(880, 24, 8, 'J43', 14, 0.12, 0.86, 5.1, 66, 1),
(881, 21, 7, 'W42', 9, 0.45, 0.95, 8.32, 96, 61),
(882, 15, 5, 'X59', 11, 0.46, 0.37, 6.79, 168, 98),
(883, 30, 8, 'V14', 4, 0.96, 0.72, 8.9, 227, 93),
(884, 25, 1, 'E03', 8, 0.06, 0.32, 2.05, 249, 56),
(885, 2, 14, 'D64', 17, 0.17, 0.23, 1.62, 227, 95),
(886, 9, 13, 'O92', 4, 0.96, 0.25, 1.48, 229, 77),
(887, 10, 13, 'L24', 13, 0.94, 0.37, 2.9, 127, 37),
(888, 26, 8, 'A75', 19, 0.97, 0.85, 9.37, 237, 64),
(889, 27, 12, 'R33', 10, 0.27, 0.54, 3.7, 61, 13),
(890, 21, 9, 'V64', 2, 0.63, 0.1, 1.37, 130, 98),
(891, 4, 11, 'U76', 11, 0.48, 0.41, 1.27, 69, 29),
(892, 19, 9, 'J00', 14, 0.69, 0.32, 2.34, 118, 39),
(893, 4, 11, 'F97', 17, 0.36, 0.79, 6.83, 225, 65),
(894, 27, 12, 'A95', 1, 0.05, 0.78, 3.28, 279, 65),
(895, 30, 13, 'M56', 17, 0.7, 0.21, 3.7, 163, 69),
(896, 18, 14, 'P29', 5, 0.67, 0.13, 7.14, 126, 50),
(897, 18, 13, 'N89', 6, 0.52, 0.4, 9.23, 109, 35),
(898, 16, 15, 'G45', 16, 0.69, 0.41, 1.37, 115, 23),
(899, 26, 1, 'Q52', 11, 0.06, 0.7, 6.45, 211, 27),
(900, 10, 4, 'U61', 1, 0.36, 0.69, 8.7, 194, 7),
(901, 27, 15, 'Y81', 17, 0.75, 0.4, 7.95, 271, 33),
(902, 13, 6, 'P59', 17, 0.04, 0.39, 7.2, 50, 73),
(903, 11, 7, 'F17', 16, 0.75, 0.44, 8.96, 89, 77),
(904, 21, 14, 'X61', 9, 0.6, 0.85, 9.63, 204, 42),
(905, 22, 4, 'H69', 6, 0.99, 0.85, 2.85, 285, 77),
(906, 2, 4, 'G07', 6, 0.25, 0.47, 9.98, 182, 96),
(907, 16, 5, 'F39', 14, 0.64, 0.8, 1.33, 291, 0),
(908, 3, 15, 'B54', 2, 0.54, 0.02, 5.61, 196, 94),
(909, 24, 10, 'S91', 11, 0.16, 0.08, 7.62, 227, 46),
(910, 13, 11, 'X60', 11, 0.55, 0.07, 2.8, 245, 54),
(911, 28, 14, 'N55', 17, 0.66, 0.69, 9.96, 113, 85),
(912, 25, 15, 'J38', 14, 0.89, 0.44, 2.74, 283, 89),
(913, 7, 4, 'Y42', 20, 0.75, 0.54, 3.89, 133, 49),
(914, 29, 12, 'Q95', 13, 0.06, 0.73, 6.53, 83, 5),
(915, 10, 5, 'U44', 1, 0.08, 0.92, 9.09, 269, 42),
(916, 18, 4, 'Q92', 19, 0.0, 0.42, 7.27, 277, 83),
(917, 17, 12, 'F15', 20, 0.55, 0.87, 7.48, 148, 80),
(918, 24, 7, 'J46', 8, 0.76, 0.04, 3.02, 157, 32),
(919, 26, 10, 'P10', 6, 0.54, 0.18, 8.3, 55, 84),
(920, 30, 2, 'K67', 2, 0.08, 0.02, 4.55, 99, 21),
(921, 26, 3, 'B47', 4, 0.32, 0.82, 5.62, 229, 89),
(922, 24, 1, 'N84', 4, 0.92, 0.31, 2.19, 161, 2),
(923, 5, 12, 'P22', 18, 0.44, 0.83, 1.52, 268, 0),
(924, 16, 7, 'L77', 15, 0.4, 0.52, 2.0, 228, 35),
(925, 8, 13, 'Z87', 18, 0.97, 0.42, 9.59, 196, 34),
(926, 15, 1, 'U84', 3, 0.61, 0.53, 5.43, 148, 64),
(927, 15, 9, 'N93', 4, 0.81, 0.68, 6.81, 218, 80),
(928, 9, 1, 'V52', 6, 0.41, 0.94, 8.46, 283, 90),
(929, 30, 2, 'Q60', 20, 0.78, 0.59, 1.58, 141, 50),
(930, 30, 4, 'R75', 16, 0.64, 0.67, 6.93, 294, 91),
(931, 13, 7, 'T26', 15, 0.14, 0.31, 6.25, 148, 87),
(932, 20, 3, 'G64', 2, 0.36, 0.86, 1.87, 189, 30),
(933, 7, 12, 'A35', 6, 0.6, 0.1, 4.54, 52, 15),
(934, 22, 5, 'X57', 8, 0.16, 0.54, 9.98, 186, 40),
(935, 18, 13, 'W74', 6, 0.5, 0.2, 1.32, 295, 88),
(936, 2, 15, 'M12', 16, 0.34, 0.65, 8.5, 120, 34),
(937, 1, 7, 'F09', 20, 0.09, 0.41, 6.54, 254, 72),
(938, 4, 6, 'A29', 20, 0.47, 0.46, 4.37, 158, 46),
(939, 17, 11, 'M12', 4, 0.73, 0.25, 1.93, 160, 97),
(940, 29, 5, 'B35', 14, 0.82, 0.67, 8.17, 97, 20),
(941, 25, 5, 'V34', 20, 0.83, 0.91, 7.28, 232, 45),
(942, 25, 1, 'Q12', 2, 0.67, 0.36, 1.91, 162, 52),
(943, 13, 3, 'S28', 4, 0.1, 0.87, 9.4, 122, 47),
(944, 26, 11, 'X18', 2, 0.46, 0.23, 6.25, 155, 6),
(945, 3, 13, 'U35', 8, 0.53, 0.7, 4.24, 212, 83),
(946, 19, 12, 'P37', 20, 0.24, 0.8, 3.14, 206, 76),
(947, 18, 6, 'R49', 3, 0.88, 0.1, 6.7, 212, 40),
(948, 9, 14, 'H42', 2, 0.92, 0.44, 8.37, 78, 63),
(949, 18, 7, 'M61', 8, 0.88, 0.56, 9.97, 126, 6),
(950, 3, 6, 'G96', 2, 0.57, 0.33, 4.71, 268, 71),
(951, 21, 2, 'D84', 10, 0.88, 0.76, 8.49, 226, 38),
(952, 3, 14, 'T62', 16, 0.2, 0.68, 4.91, 69, 46),
(953, 28, 14, 'O73', 15, 0.18, 0.4, 3.12, 137, 48),
(954, 20, 12, 'A80', 5, 0.28, 0.09, 4.51, 277, 33),
(955, 30, 3, 'P79', 20, 0.6, 0.57, 1.11, 125, 11),
(956, 13, 4, 'H14', 13, 0.69, 0.66, 5.5, 279, 45),
(957, 22, 15, 'N88', 12, 0.26, 1.0, 9.0, 241, 87),
(958, 29, 1, 'I16', 12, 0.65, 0.62, 3.71, 268, 47),
(959, 21, 15, 'N91', 2, 0.07, 0.39, 2.85, 56, 72),
(960, 18, 5, 'M96', 3, 0.76, 0.89, 4.09, 276, 52),
(961, 10, 9, 'E70', 17, 0.0, 0.26, 7.12, 52, 45),
(962, 27, 13, 'W12', 5, 0.92, 0.23, 3.03, 265, 49),
(963, 27, 8, 'Y46', 2, 0.21, 0.96, 1.88, 104, 25),
(964, 11, 8, 'W85', 3, 0.49, 0.61, 2.26, 167, 83),
(965, 12, 2, 'R88', 13, 0.53, 0.88, 9.05, 70, 64),
(966, 1, 10, 'D08', 14, 0.86, 0.93, 3.29, 231, 99),
(967, 1, 5, 'C75', 8, 0.37, 0.34, 6.65, 218, 62),
(968, 22, 6, 'R56', 4, 0.72, 0.58, 1.23, 247, 92),
(969, 20, 9, 'O73', 19, 0.98, 0.94, 3.89, 119, 91),
(970, 6, 11, 'G85', 10, 0.82, 0.3, 3.04, 176, 42),
(971, 28, 1, 'P83', 5, 0.65, 0.76, 1.06, 260, 92),
(972, 6, 11, 'N52', 1, 0.19, 0.19, 9.34, 283, 61),
(973, 3, 7, 'X59', 16, 0.84, 0.69, 3.89, 264, 15),
(974, 30, 14, 'S56', 1, 0.21, 0.9, 4.26, 236, 38),
(975, 7, 4, 'B43', 14, 0.17, 0.09, 7.8, 279, 7),
(976, 15, 3, 'X05', 19, 0.82, 0.94, 5.02, 78, 88),
(977, 23, 12, 'N45', 17, 0.85, 0.01, 7.8, 184, 43),
(978, 17, 1, 'F52', 6, 0.02, 0.85, 8.57, 143, 62),
(979, 8, 2, 'X46', 20, 0.79, 0.17, 3.44, 107, 40),
(980, 23, 13, 'A29', 19, 0.43, 0.59, 9.55, 214, 55),
(981, 12, 13, 'K49', 8, 0.31, 0.02, 7.55, 247, 21),
(982, 27, 9, 'Q96', 1, 0.72, 0.21, 1.67, 55, 22),
(983, 6, 12, 'G45', 8, 0.36, 0.31, 6.42, 94, 76),
(984, 4, 12, 'F48', 7, 0.37, 0.49, 8.05, 279, 98),
(985, 3, 13, 'X27', 4, 0.33, 0.05, 2.2, 199, 85),
(986, 10, 13, 'I46', 1, 0.15, 0.37, 6.26, 153, 100),
(987, 18, 12, 'E49', 1, 0.44, 0.15, 7.59, 229, 50),
(988, 25, 6, 'U19', 5, 0.86, 0.39, 9.66, 57, 77),
(989, 21, 1, 'R07', 15, 0.16, 0.91, 7.12, 227, 56),
(990, 4, 7, 'L36', 8, 0.87, 0.32, 3.3, 164, 75),
(991, 10, 1, 'X14', 9, 0.9, 0.68, 9.52, 229, 10),
(992, 2, 8, 'I53', 20, 0.21, 0.45, 8.99, 123, 91),
(993, 18, 1, 'Q29', 5, 0.12, 0.41, 6.82, 146, 1),
(994, 30, 14, 'F26', 5, 0.93, 0.47, 2.72, 103, 84),
(995, 14, 1, 'Z13', 14, 0.66, 0.7, 6.65, 287, 58),
(996, 8, 5, 'J42', 14, 0.2, 0.9, 5.85, 96, 27),
(997, 8, 6, 'B05', 19, 0.85, 0.04, 6.06, 157, 80),
(998, 29, 10, 'K73', 18, 0.78, 0.15, 4.28, 198, 5),
(999, 6, 5, 'T45', 2, 0.76, 0.84, 9.78, 146, 57),
(1000, 27, 3, 'I04', 9, 0.03, 0.98, 3.11, 212, 5);

INSERT INTO Accessories (id, name, unit, unit_price) VALUES
(1, 'Mudslide', 'PLN', 31.76),
(2, 'Truffle Cups - White Paper', 'CNY', 97.96),
(3, 'True - Vue Containers', 'COP', 70.98),
(4, 'Coffee Cup 12oz 5342cd', 'CNY', 90.69),
(5, 'Beets', 'EUR', 10.1),
(6, 'Cheese - Brie', 'HTG', 13.02),
(7, 'Currants', 'PHP', 82.43),
(8, 'Fenngreek Seed', 'IDR', 32.96),
(9, 'Jam - Raspberry', 'IDR', 48.55),
(10, 'Crackers - Graham', 'EUR', 65.34),
(11, 'Wine - Piper Heidsieck Brut', 'THB', 21.51),
(12, 'Cookie - Oatmeal', 'IDR', 62.85),
(13, 'Taro Leaves', 'EUR', 33.77),
(14, 'Liners - Banana, Paper', 'CZK', 3.6),
(15, 'Cheese - Mix', 'EUR', 70.87),
(16, 'Salmon - Atlantic, No Skin', 'CNY', 21.02),
(17, 'Carbonated Water - Peach', 'BRL', 54.13),
(18, 'Yucca', 'PYG', 7.31),
(19, 'Wine - Alsace Gewurztraminer', 'YER', 98.95),
(20, 'Wine - White, Riesling, Semi - Dry', 'PHP', 10.45),
(21, 'Bread - Mini Hamburger Bun', 'CNY', 17.64),
(22, 'Monkfish - Fresh', 'IRR', 91.73),
(23, 'Wonton Wrappers', 'CNY', 8.3),
(24, 'Danishes - Mini Raspberry', 'IDR', 22.64),
(25, 'Wine - Delicato Merlot', 'CNY', 51.65),
(26, 'External Supplier', 'EUR', 19.87),
(27, 'Wine - Magnotta - Red, Baco', 'BRL', 92.5),
(28, 'Carbonated Water - Orange', 'RUB', 95.38),
(29, 'Napkin - Beverage 1 Ply', 'JPY', 82.3),
(30, 'Fish - Soup Base, Bouillon', 'CNY', 8.65);

INSERT INTO AccessoriesBidElements (accessory_id, bid_element_id, amount) VALUES
(26, 899, 62.57),
(29, 160, 87.26),
(8, 502, 63.88),
(8, 691, 48.43),
(25, 699, 61.27),
(24, 286, 95.79),
(6, 540, 41.51),
(20, 823, 35.57),
(19, 481, 92.46),
(18, 521, 97.34),
(12, 887, 69.71),
(12, 321, 44.65),
(5, 587, 75.48),
(12, 864, 18.3),
(23, 988, 10.78),
(4, 145, 41.24),
(19, 27, 44.62),
(20, 197, 72.03),
(20, 350, 42.92),
(8, 134, 53.4),
(19, 936, 2.08),
(8, 751, 84.35),
(6, 465, 86.86),
(10, 113, 21.97),
(7, 437, 25.01),
(15, 33, 32.6),
(2, 350, 71.18),
(19, 570, 7.81),
(20, 174, 52.06),
(15, 291, 17.73),
(12, 252, 36.4),
(5, 603, 58.74),
(27, 462, 87.01),
(13, 929, 18.61),
(4, 205, 20.69),
(30, 224, 77.54),
(23, 338, 63.38),
(5, 688, 64.49),
(17, 326, 65.71),
(19, 563, 23.08),
(11, 353, 39.31),
(29, 412, 40.76),
(17, 814, 94.9),
(30, 204, 60.82),
(25, 960, 12.55),
(28, 26, 83.57),
(1, 382, 67.93),
(4, 856, 75.98),
(25, 953, 36.55),
(17, 170, 68.38),
(29, 268, 8.63),
(8, 557, 18.61),
(19, 200, 52.88),
(1, 199, 95.92),
(16, 554, 71.27),
(6, 23, 33.25),
(25, 872, 64.36),
(9, 446, 53.71),
(4, 256, 82.26),
(24, 408, 71.86),
(14, 627, 47.08),
(21, 554, 4.13),
(29, 181, 81.49),
(21, 78, 92.96),
(25, 285, 93.14),
(20, 710, 89.6),
(12, 748, 32.41),
(8, 545, 92.72),
(11, 633, 83.26),
(16, 320, 41.3),
(2, 774, 24.65),
(20, 102, 66.1),
(22, 229, 46.43),
(6, 922, 81.16),
(17, 710, 43.62),
(5, 610, 34.9),
(27, 305, 44.52),
(7, 525, 88.67),
(10, 413, 34.47),
(8, 472, 55.53),
(21, 509, 43.4),
(7, 168, 70.43),
(1, 485, 93.83),
(27, 693, 16.96),
(17, 144, 76.96),
(8, 7, 93.88),
(21, 859, 57.06),
(29, 109, 88.84),
(15, 962, 56.77),
(5, 106, 43.88),
(11, 23, 54.6),
(5, 604, 8.19),
(18, 837, 9.97),
(11, 533, 43.98),
(17, 98, 30.68),
(28, 86, 24.28),
(28, 63, 13.44),
(6, 416, 85.68),
(27, 593, 47.23),
(27, 753, 70.05),
(5, 569, 70.21),
(5, 591, 81.25),
(22, 803, 73.86),
(1, 640, 10.99),
(24, 958, 4.38),
(30, 501, 36.51),
(15, 399, 10.08),
(6, 328, 76.48),
(19, 787, 71.12),
(20, 111, 28.95),
(11, 62, 21.7),
(16, 158, 22.34),
(30, 172, 62.76),
(28, 185, 27.77),
(14, 594, 95.94),
(29, 353, 1.85),
(20, 816, 71.22),
(29, 421, 30.51),
(16, 402, 69.69),
(5, 281, 32.93),
(17, 485, 37.17),
(3, 28, 45.87),
(12, 413, 43.72),
(28, 430, 78.57),
(4, 745, 13.93),
(27, 713, 75.47),
(5, 928, 17.51),
(17, 328, 42.24),
(4, 355, 57.4),
(14, 760, 57.68),
(19, 144, 40.44),
(19, 41, 45.41),
(16, 506, 74.84),
(22, 913, 91.25),
(26, 694, 73.3),
(8, 593, 52.75),
(12, 835, 53.25),
(6, 916, 43.96),
(18, 275, 49.63),
(6, 235, 52.31),
(19, 454, 20.42),
(9, 533, 26.54),
(28, 294, 71.7),
(30, 549, 39.53),
(17, 434, 67.77),
(29, 573, 5.97),
(11, 370, 18.66),
(30, 399, 43.13),
(22, 848, 22.97),
(18, 417, 48.78),
(1, 106, 85.18),
(8, 87, 90.37),
(9, 410, 74.37),
(22, 726, 91.43),
(14, 153, 43.79),
(22, 857, 98.46),
(21, 815, 87.83),
(8, 362, 34.74),
(5, 552, 75.65),
(30, 632, 49.86),
(6, 589, 83.62),
(26, 800, 23.5),
(8, 221, 59.17),
(7, 981, 88.51),
(30, 600, 61.91),
(28, 784, 49.64),
(7, 881, 52.76),
(15, 29, 85.39),
(2, 767, 64.24),
(12, 651, 58.04),
(13, 305, 2.53),
(8, 905, 56.81),
(12, 207, 65.26),
(16, 841, 29.21),
(5, 952, 9.81),
(6, 359, 6.07),
(13, 461, 46.38),
(11, 415, 25.13),
(9, 214, 18.73),
(22, 192, 3.01),
(26, 101, 85.51),
(16, 690, 38.32),
(23, 259, 63.38),
(27, 840, 25.9),
(22, 610, 40.35),
(6, 19, 10.45),
(9, 142, 99.16),
(25, 529, 81.63),
(15, 582, 53.37),
(17, 742, 51.68),
(24, 903, 35.37),
(3, 764, 18.9),
(4, 94, 91.75),
(18, 753, 94.34),
(26, 462, 84.48),
(25, 861, 54.78),
(16, 632, 84.73),
(22, 635, 26.85),
(30, 263, 78.4),
(27, 135, 35.6),
(9, 668, 34.97),
(17, 236, 42.68),
(24, 494, 23.63),
(9, 342, 91.32),
(9, 753, 74.24),
(15, 230, 51.42),
(27, 940, 49.23),
(18, 179, 6.22),
(28, 861, 25.77),
(11, 824, 33.17),
(10, 524, 24.43),
(11, 302, 54.71),
(1, 173, 59.09),
(5, 910, 90.55),
(29, 264, 17.36),
(30, 926, 15.04),
(28, 143, 20.18),
(4, 513, 47.26),
(1, 138, 36.41),
(9, 386, 66.44),
(8, 730, 33.25),
(15, 586, 2.46),
(21, 414, 65.39),
(18, 208, 7.73),
(15, 107, 0.25),
(20, 152, 75.2),
(8, 313, 77.74),
(4, 127, 8.68),
(1, 916, 7.85),
(6, 782, 98.39),
(14, 188, 29.49),
(7, 582, 26.04),
(10, 549, 17.91),
(9, 363, 50.3),
(28, 165, 36.64),
(16, 648, 24.08),
(16, 997, 20.83),
(25, 102, 82.78),
(26, 850, 56.08),
(25, 622, 61.14),
(28, 837, 87.77),
(4, 559, 96.67),
(24, 971, 29.53),
(5, 189, 57.64),
(2, 292, 57.6),
(14, 85, 94.74),
(13, 43, 30.08),
(8, 363, 91.67),
(23, 522, 27.79),
(19, 189, 12.66),
(13, 329, 13.42),
(5, 50, 69.7),
(19, 464, 32.65),
(12, 607, 44.6),
(6, 434, 59.47),
(4, 110, 40.14),
(22, 122, 36.78),
(29, 173, 0.4),
(16, 252, 57.98),
(1, 586, 24.62),
(23, 562, 0.8),
(17, 195, 36.87),
(20, 362, 0.66),
(8, 50, 72.59),
(30, 212, 1.82),
(16, 642, 99.98),
(5, 989, 5.92),
(23, 333, 52.08),
(10, 873, 43.6),
(24, 285, 48.74),
(14, 995, 59.5),
(26, 753, 41.51),
(16, 63, 39.09),
(25, 768, 94.66),
(20, 391, 68.58),
(6, 292, 65.99),
(5, 852, 18.19),
(23, 41, 0.71),
(19, 136, 99.36),
(12, 467, 24.34),
(30, 167, 82.49),
(4, 634, 46.33),
(6, 178, 56.07),
(21, 833, 97.98),
(15, 860, 65.52),
(17, 85, 17.52),
(29, 373, 96.62),
(5, 680, 88.13),
(2, 512, 79.5),
(5, 403, 62.62),
(4, 52, 1.84),
(16, 372, 42.78),
(3, 180, 55.44),
(15, 563, 61.46),
(6, 193, 70.67),
(16, 946, 9.6),
(8, 516, 3.11),
(24, 276, 11.97),
(14, 378, 11.7),
(6, 287, 9.87),
(5, 420, 55.33),
(2, 131, 55.67),
(8, 890, 26.02),
(22, 704, 80.97),
(29, 97, 24.86),
(4, 548, 61.55),
(5, 264, 6.04),
(20, 378, 80.83),
(23, 102, 79.57),
(27, 728, 28.95),
(20, 110, 92.55),
(15, 405, 62.67),
(1, 991, 94.8),
(24, 802, 91.63),
(8, 106, 50.0),
(22, 766, 18.46),
(13, 7, 88.32),
(29, 574, 38.88),
(29, 692, 59.15),
(11, 113, 30.2),
(4, 624, 20.03),
(12, 343, 82.22),
(12, 457, 17.29),
(12, 416, 49.79),
(2, 965, 12.92),
(25, 276, 10.82),
(7, 792, 50.24),
(2, 904, 54.84),
(30, 497, 80.35),
(23, 708, 73.42),
(21, 301, 9.6),
(12, 292, 85.66),
(9, 362, 71.2),
(18, 485, 13.5),
(7, 397, 91.77),
(9, 442, 43.87),
(13, 416, 2.01),
(29, 389, 16.71),
(26, 622, 88.85),
(4, 170, 90.71),
(19, 288, 91.24),
(2, 341, 28.59),
(13, 987, 53.95),
(28, 801, 65.12),
(2, 822, 86.02),
(25, 493, 86.29),
(16, 91, 68.33),
(21, 594, 47.97),
(12, 3, 98.31),
(6, 138, 73.85),
(10, 788, 79.47),
(26, 594, 3.9),
(1, 462, 15.3),
(18, 357, 59.11),
(8, 708, 12.79),
(21, 567, 2.85),
(9, 511, 48.82),
(21, 37, 66.3),
(28, 716, 58.35),
(30, 675, 52.51),
(23, 915, 35.25),
(14, 290, 62.32),
(17, 921, 8.69),
(30, 432, 20.52),
(9, 772, 60.04),
(23, 468, 44.39),
(23, 519, 1.66),
(21, 678, 36.76),
(5, 857, 87.5),
(1, 557, 0.38),
(23, 324, 96.14),
(18, 52, 99.16),
(7, 82, 63.92),
(30, 125, 30.52),
(10, 639, 82.95),
(7, 178, 52.62),
(28, 934, 43.89),
(28, 573, 15.85),
(9, 718, 3.01),
(19, 609, 3.9),
(27, 335, 50.68),
(5, 461, 81.02),
(4, 890, 87.73),
(9, 196, 81.94),
(8, 469, 28.26),
(25, 409, 25.72),
(24, 852, 97.68),
(12, 820, 98.33),
(18, 319, 12.25),
(21, 970, 55.7),
(25, 62, 42.95),
(23, 995, 80.15),
(20, 799, 22.91),
(9, 912, 66.39),
(21, 485, 71.23),
(5, 33, 43.4),
(24, 353, 38.02),
(10, 791, 5.2),
(29, 748, 12.93),
(28, 482, 72.91),
(15, 302, 90.42),
(1, 920, 4.8),
(28, 813, 34.44),
(4, 286, 42.99),
(16, 901, 36.91),
(18, 79, 39.92),
(12, 644, 85.25),
(4, 167, 32.61),
(6, 351, 16.8),
(17, 97, 32.89),
(15, 319, 35.42),
(12, 516, 7.54),
(18, 244, 32.79),
(19, 479, 56.89),
(18, 990, 98.45),
(12, 488, 40.24),
(18, 387, 44.56),
(17, 201, 46.63),
(3, 30, 74.96),
(24, 594, 3.41),
(14, 173, 22.75),
(4, 250, 53.66),
(20, 640, 96.01),
(10, 495, 36.97),
(5, 801, 88.6),
(4, 97, 16.18),
(28, 182, 48.96),
(24, 218, 79.97),
(18, 541, 74.18),
(19, 143, 32.39),
(28, 501, 42.97),
(1, 588, 13.88),
(28, 447, 10.56),
(12, 348, 64.2),
(7, 236, 74.7),
(19, 138, 83.4),
(21, 662, 26.78),
(17, 741, 19.45),
(14, 690, 5.17),
(7, 997, 22.17),
(3, 171, 89.51),
(25, 582, 33.6),
(8, 260, 73.32),
(14, 275, 71.32),
(14, 377, 69.21),
(7, 84, 30.45),
(11, 638, 39.59),
(24, 605, 50.95),
(22, 320, 99.38),
(20, 533, 51.95),
(7, 348, 6.19),
(18, 394, 7.7),
(14, 497, 91.29),
(5, 195, 39.69),
(27, 670, 47.21),
(21, 864, 67.14),
(14, 975, 12.58),
(13, 11, 24.71),
(11, 968, 61.78),
(8, 270, 86.71),
(30, 797, 79.23),
(7, 738, 55.92),
(3, 406, 59.49),
(19, 297, 52.51),
(28, 943, 67.81),
(27, 904, 60.49),
(10, 988, 15.37),
(19, 648, 8.33),
(3, 138, 99.37),
(7, 330, 9.54),
(28, 764, 54.98),
(25, 28, 76.33),
(29, 730, 70.99),
(12, 114, 79.35),
(15, 996, 43.84),
(17, 756, 55.24),
(3, 286, 89.7),
(10, 220, 67.58),
(12, 182, 19.91),
(20, 515, 54.53),
(30, 584, 29.34),
(3, 27, 42.55),
(23, 936, 25.45),
(27, 603, 8.19),
(6, 470, 52.36),
(16, 358, 17.17),
(20, 83, 55.14),
(22, 203, 82.24),
(29, 837, 54.66),
(25, 197, 24.21),
(13, 82, 76.36),
(19, 244, 42.94),
(3, 595, 31.96),
(16, 825, 97.33),
(3, 409, 14.07),
(8, 288, 21.83),
(6, 171, 43.97),
(19, 198, 82.08),
(13, 569, 94.16),
(23, 678, 80.8),
(3, 802, 54.07),
(17, 311, 37.77),
(19, 677, 70.85),
(5, 622, 54.94),
(29, 662, 51.37),
(15, 398, 61.88),
(8, 339, 93.45),
(5, 65, 91.96),
(8, 136, 81.3),
(14, 806, 66.33),
(21, 952, 36.68),
(19, 192, 65.8),
(14, 509, 83.61),
(26, 517, 52.91),
(15, 874, 74.23),
(15, 193, 46.95),
(10, 242, 0.95),
(29, 314, 60.86),
(11, 974, 93.25),
(5, 368, 43.37),
(15, 232, 40.09),
(11, 38, 24.9),
(25, 925, 28.05),
(2, 155, 86.17),
(24, 640, 36.49),
(19, 301, 83.88),
(3, 926, 10.19),
(25, 360, 2.33),
(20, 943, 90.22),
(11, 457, 29.99),
(1, 763, 23.15),
(24, 150, 4.17),
(17, 474, 29.02),
(5, 993, 78.87),
(8, 346, 12.79),
(21, 974, 24.3),
(22, 459, 81.43),
(28, 452, 46.18),
(18, 492, 98.49),
(6, 191, 2.69),
(20, 308, 54.77),
(14, 530, 40.19),
(18, 431, 1.05),
(18, 652, 80.42),
(13, 997, 0.08),
(19, 550, 60.5),
(27, 496, 71.92),
(21, 342, 12.02),
(11, 483, 10.21),
(27, 376, 80.13),
(2, 470, 31.3),
(5, 882, 15.06),
(1, 648, 30.59),
(8, 732, 9.87),
(19, 133, 39.01),
(6, 86, 56.79),
(1, 879, 39.81),
(8, 873, 10.2),
(1, 140, 20.67),
(26, 763, 29.69),
(26, 660, 41.81),
(7, 549, 80.07),
(28, 594, 26.76),
(21, 580, 66.98),
(6, 463, 89.8),
(25, 63, 21.91),
(14, 244, 20.22),
(12, 996, 43.87),
(17, 825, 8.05),
(10, 373, 56.55),
(27, 696, 2.86),
(6, 954, 5.32),
(5, 415, 83.89),
(17, 1, 30.82),
(26, 914, 70.45),
(25, 596, 74.91),
(3, 284, 78.63),
(1, 56, 39.6),
(3, 467, 83.23),
(7, 605, 71.15),
(26, 8, 80.58),
(24, 526, 6.73),
(19, 698, 82.61),
(5, 808, 18.46),
(25, 203, 14.69),
(25, 290, 14.43),
(3, 758, 17.6),
(23, 637, 62.01),
(10, 701, 3.73),
(29, 806, 84.72),
(4, 717, 72.24),
(18, 305, 71.21),
(28, 938, 0.83),
(22, 960, 6.74),
(30, 245, 62.24),
(3, 448, 40.89),
(13, 712, 23.19),
(7, 877, 47.65),
(12, 89, 28.76),
(10, 992, 86.56),
(24, 191, 97.68),
(10, 918, 93.21),
(22, 721, 56.55),
(5, 203, 51.92),
(11, 111, 51.56),
(25, 841, 33.73),
(16, 79, 49.48),
(13, 119, 52.07),
(11, 24, 52.46),
(9, 6, 63.31),
(28, 380, 63.15),
(1, 656, 45.83),
(8, 579, 67.97),
(13, 315, 67.62),
(15, 175, 52.06),
(22, 943, 91.14),
(26, 184, 34.93),
(7, 325, 67.32),
(5, 953, 0.66),
(15, 501, 22.82),
(17, 304, 31.17),
(30, 188, 27.96),
(9, 108, 9.24),
(17, 235, 39.13),
(22, 366, 37.2),
(19, 739, 92.65),
(1, 324, 45.99),
(6, 647, 66.73),
(30, 226, 86.12),
(28, 97, 30.65),
(5, 77, 40.56),
(13, 643, 81.56),
(15, 952, 80.85),
(24, 255, 85.8),
(25, 254, 77.94),
(19, 482, 16.92),
(8, 879, 8.1),
(7, 597, 3.56),
(5, 633, 86.33),
(22, 725, 45.23),
(16, 238, 59.63),
(23, 775, 23.8),
(18, 836, 48.65),
(24, 92, 32.34),
(20, 569, 56.59),
(19, 784, 68.14),
(17, 125, 83.08),
(7, 167, 64.21),
(9, 138, 73.78),
(22, 573, 13.82),
(30, 291, 77.25),
(24, 823, 3.64),
(17, 307, 49.64),
(14, 185, 90.47),
(29, 153, 32.01),
(23, 148, 65.69),
(8, 481, 98.32),
(10, 740, 95.79),
(23, 71, 10.65),
(16, 834, 62.15),
(28, 472, 70.94),
(5, 266, 53.84),
(12, 694, 36.14),
(21, 557, 74.0),
(23, 134, 99.93),
(22, 460, 89.07),
(16, 563, 82.18),
(19, 879, 93.07),
(29, 948, 3.56),
(20, 914, 87.55),
(9, 775, 92.51),
(27, 173, 31.17),
(16, 276, 29.86),
(6, 486, 5.23),
(3, 175, 55.71),
(28, 263, 78.06),
(12, 869, 63.55),
(10, 183, 7.09),
(20, 177, 78.11),
(17, 927, 2.07),
(7, 239, 15.8),
(4, 209, 26.5),
(9, 991, 22.08),
(27, 772, 52.83),
(4, 658, 47.79),
(25, 857, 18.88),
(3, 782, 81.97),
(7, 442, 76.55),
(8, 446, 79.16),
(4, 976, 52.37),
(14, 449, 21.27),
(1, 454, 18.95),
(5, 349, 69.99),
(23, 97, 14.91),
(18, 555, 56.32),
(26, 488, 87.81),
(7, 73, 6.27),
(26, 849, 46.95),
(22, 77, 24.95),
(2, 361, 49.12),
(9, 960, 63.69),
(14, 399, 55.83),
(9, 535, 43.6),
(12, 264, 65.3),
(27, 965, 2.75),
(28, 432, 47.34),
(3, 571, 34.26),
(16, 491, 31.91),
(20, 150, 58.61),
(8, 844, 37.13),
(21, 692, 1.67),
(11, 440, 28.69),
(16, 737, 50.22),
(30, 85, 87.16),
(19, 912, 15.67),
(30, 256, 28.09),
(3, 833, 27.37),
(30, 598, 20.37),
(24, 970, 21.43),
(24, 513, 83.06),
(21, 18, 22.29),
(14, 56, 49.73),
(23, 718, 72.61),
(5, 522, 38.14),
(1, 796, 47.39),
(17, 856, 75.94),
(7, 57, 2.67),
(4, 758, 4.66),
(9, 940, 96.21),
(29, 39, 68.29),
(19, 470, 21.74),
(25, 305, 31.13),
(7, 751, 32.31),
(9, 981, 81.78),
(17, 293, 23.34),
(2, 254, 94.13),
(7, 452, 10.5),
(4, 926, 5.19),
(28, 301, 65.91),
(11, 634, 88.08),
(25, 347, 47.26),
(6, 887, 51.27),
(14, 618, 80.69),
(22, 703, 7.65),
(27, 767, 29.4),
(8, 669, 28.29),
(8, 452, 23.83),
(5, 930, 1.86),
(27, 915, 23.53),
(5, 746, 12.64),
(7, 114, 93.16),
(6, 526, 49.24),
(22, 241, 11.64),
(14, 700, 49.42),
(13, 878, 69.91),
(8, 405, 39.84),
(15, 434, 98.63),
(8, 685, 84.84),
(20, 873, 70.02),
(24, 510, 31.41),
(19, 379, 94.42),
(24, 855, 18.93),
(6, 913, 34.53),
(5, 812, 92.96),
(4, 219, 70.17),
(14, 222, 6.09),
(18, 107, 11.97),
(11, 791, 9.99),
(23, 722, 63.49),
(18, 265, 92.26),
(19, 607, 0.62),
(3, 688, 94.5),
(9, 109, 31.09),
(18, 813, 28.56),
(17, 826, 80.51),
(15, 711, 49.64),
(22, 699, 86.78),
(10, 309, 37.53),
(1, 973, 4.39),
(11, 770, 55.47),
(10, 567, 2.39),
(21, 415, 25.43),
(13, 309, 69.04),
(11, 913, 69.17),
(6, 58, 55.56),
(10, 938, 37.97),
(7, 16, 5.74),
(15, 8, 55.79),
(25, 807, 57.17),
(4, 444, 73.82),
(20, 733, 31.06),
(3, 794, 61.1),
(6, 668, 20.02),
(30, 961, 89.37),
(24, 806, 25.16),
(23, 559, 16.51),
(19, 436, 2.71),
(10, 65, 99.96),
(23, 374, 80.7),
(14, 220, 53.84),
(8, 920, 9.27),
(29, 836, 78.81),
(18, 88, 77.62),
(25, 506, 84.5),
(17, 203, 3.19),
(13, 432, 97.81),
(1, 793, 75.9),
(1, 662, 5.43),
(24, 892, 5.03),
(30, 397, 51.04),
(16, 914, 27.86),
(8, 964, 87.27),
(12, 910, 71.67),
(12, 634, 74.05),
(26, 668, 84.57),
(6, 207, 34.53),
(14, 351, 64.47),
(19, 998, 99.55),
(29, 328, 34.73),
(25, 941, 29.38),
(2, 76, 77.46),
(22, 300, 99.8),
(22, 808, 16.32),
(28, 909, 39.57),
(25, 314, 49.42),
(22, 84, 7.97),
(7, 120, 60.43),
(6, 501, 1.89),
(25, 164, 90.05),
(30, 191, 65.52),
(21, 919, 16.12),
(15, 30, 76.56),
(3, 783, 63.86),
(12, 222, 61.57),
(1, 866, 39.35),
(26, 749, 47.35),
(11, 486, 46.56),
(7, 19, 6.8),
(30, 139, 70.82),
(3, 864, 49.54),
(9, 791, 36.87),
(18, 615, 46.5),
(2, 381, 95.42),
(13, 920, 8.42),
(28, 721, 53.58),
(11, 591, 61.14),
(12, 880, 42.95),
(7, 718, 9.66),
(18, 407, 83.81),
(21, 354, 73.38),
(20, 878, 26.39),
(6, 154, 43.71),
(10, 632, 58.04),
(7, 552, 12.23),
(20, 247, 70.93),
(24, 130, 40.73),
(28, 70, 72.81),
(4, 963, 3.96),
(15, 149, 31.97),
(29, 320, 78.68),
(1, 928, 61.74),
(6, 663, 90.08),
(23, 95, 42.67),
(14, 736, 82.7),
(15, 569, 50.8),
(10, 856, 36.34),
(8, 151, 8.79),
(23, 970, 7.63),
(5, 856, 81.6),
(24, 547, 79.36),
(29, 329, 98.02),
(27, 979, 38.65),
(5, 788, 14.19),
(13, 291, 28.17),
(2, 878, 59.02),
(4, 514, 99.39),
(17, 808, 54.93),
(5, 896, 9.61),
(2, 383, 59.4),
(12, 676, 9.93),
(9, 507, 75.56),
(19, 754, 4.87),
(7, 221, 6.01),
(20, 410, 95.38),
(15, 124, 78.73),
(18, 483, 32.62),
(4, 630, 74.06),
(30, 978, 33.12),
(28, 284, 46.93),
(28, 782, 15.81),
(24, 922, 2.16),
(14, 711, 97.8),
(5, 484, 85.43),
(14, 617, 84.18),
(8, 482, 16.64),
(5, 359, 44.98),
(29, 553, 79.98),
(5, 395, 91.78),
(21, 440, 8.58),
(25, 351, 23.4),
(12, 844, 45.16),
(6, 135, 91.5),
(7, 570, 57.29),
(9, 283, 41.07),
(10, 197, 26.77),
(3, 553, 48.07),
(1, 89, 8.06),
(27, 580, 15.41),
(14, 6, 92.36),
(23, 425, 38.68),
(26, 527, 12.35),
(14, 248, 42.86),
(12, 167, 28.89),
(27, 594, 17.69),
(20, 527, 37.73),
(29, 197, 58.88),
(14, 885, 68.79),
(17, 792, 90.52),
(27, 8, 69.9),
(27, 37, 55.32),
(10, 369, 96.98),
(19, 968, 86.52),
(20, 596, 48.13),
(8, 358, 70.47),
(21, 407, 37.89),
(6, 765, 41.07),
(20, 235, 55.74),
(27, 108, 55.2),
(23, 162, 68.4),
(24, 236, 42.68),
(24, 678, 48.87),
(24, 42, 90.87),
(15, 704, 31.75),
(17, 48, 81.98),
(2, 847, 77.77),
(22, 512, 47.57),
(15, 428, 81.68),
(1, 472, 50.83),
(9, 573, 0.24),
(6, 161, 68.71),
(11, 405, 37.67),
(16, 745, 53.7),
(24, 88, 90.6),
(13, 503, 56.21),
(19, 577, 25.67),
(13, 191, 41.84),
(10, 188, 18.89),
(23, 513, 63.91),
(6, 417, 46.83),
(18, 939, 63.04),
(30, 885, 58.14),
(13, 223, 40.89),
(12, 722, 14.64),
(1, 529, 53.46),
(28, 33, 32.73),
(24, 624, 6.72),
(2, 424, 37.51),
(27, 409, 82.43),
(14, 907, 36.41),
(20, 427, 52.11),
(8, 436, 27.03),
(22, 336, 70.33),
(7, 72, 15.11),
(13, 719, 70.09),
(5, 170, 81.08),
(5, 475, 79.18),
(16, 258, 45.39),
(27, 163, 44.56),
(17, 67, 49.53),
(2, 926, 35.57),
(12, 192, 70.62),
(28, 83, 84.33),
(15, 780, 21.72),
(17, 121, 92.47),
(19, 601, 78.23),
(3, 433, 4.21),
(17, 242, 52.41),
(23, 910, 38.44),
(30, 299, 31.87),
(17, 246, 57.47),
(7, 464, 77.68),
(18, 618, 99.06),
(20, 549, 81.14),
(11, 331, 69.81),
(14, 684, 82.51),
(27, 798, 98.65),
(30, 210, 59.78),
(9, 53, 1.51),
(18, 106, 70.55),
(24, 694, 65.75),
(9, 482, 8.49),
(10, 973, 89.8),
(24, 28, 32.47),
(17, 224, 48.69),
(2, 793, 51.38),
(1, 867, 25.07),
(21, 244, 71.02),
(5, 719, 20.17),
(16, 61, 3.58),
(28, 781, 83.54);
