-- inserting dummy data
-- generated with https://www.mockaroo.com/

DELETE FROM SalesPerson;

INSERT INTO SalesPerson (email, name) VALUES 
('hmcilvenny0@japanpost.jp', 'Hermie McIlvenny'),
('gamsberger1@chron.com', 'Gus Amsberger'),
('kgodthaab2@slideshare.net', 'Kale Godthaab'),
('htumbelty3@engadget.com', 'Hazel Tumbelty'),
('sprott4@ted.com', 'Selina Prott'),
('edaouse5@qq.com', 'Edvard Daouse'),
('bmcpaike6@msn.com', 'Babb McPaike'),
('rnannoni7@baidu.com', 'Rubin Nannoni'),
('jlarose8@eventbrite.com', 'Jakob Larose'),
('streslove9@usgs.gov', 'Syd Treslove');

DELETE FROM Prospect;

INSERT INTO Prospect VALUES
(1, 'Quinu', '17065 Donald Parkway', 'Argentina', 'Investment Bankers/Brokers/Service', '9017777671'),
(2, 'Thoughtblab', '41329 Goodland Court', 'Russia', 'Major Chemicals', '7884701920'),
(3, 'Gabcube', '42655 Independence Avenue', 'Vietnam', 'Major Banks', '9863234949'),
(4, 'Photofeed', '82 Swallow Trail', 'Serbia', 'Major Pharmaceuticals', '7528434736'),
(5, 'Divavu', '21 Lakewood Parkway', 'China', 'n/a', '0414662484'),
(6, 'Jabbercube', '8530 Ridgeview Drive', 'Serbia', 'n/a', '9665845468'),
(7, 'Divavu', '5 Fremont Hill', 'Russia', 'Beverages (Production/Distribution)', '5972474230'),
(8, 'Gigashots', '0 Summer Ridge Place', 'Italy', 'Major Pharmaceuticals', '9087963427'),
(9, 'Vimbo', '53 Debs Terrace', 'Brazil', 'Oil & Gas Production', '8518422707'),
(10, 'Gabspot', '616 Bunting Court', 'China', 'Real Estate Investment Trusts', '2301248022'),
(11, 'Voonix', '7 Pearson Trail', 'Haiti', 'Computer Software: Prepackaged Software', '5950103766'),
(12, 'Ozu', '05 Center Parkway', 'Russia', 'Semiconductors', '7890330118'),
(13, 'DabZ', '996 Heffernan Junction', 'Greece', 'Oil & Gas Production', '2270071521'),
(14, 'Kimia', '02072 Monterey Way', 'Philippines', 'n/a', '1159376570'),
(15, 'Cogibox', '021 Toban Street', 'Indonesia', 'Metal Fabrications', '7223805935'),
(16, 'Divanoodle', '38854 Dwight Terrace', 'Nigeria', 'Business Services', '7851799924'),
(17, 'Avamba', '2 Lunder Crossing', 'France', 'n/a', '8562689678'),
(18, 'Skidoo', '86623 Memorial Terrace', 'China', 'Specialty Chemicals', '1188128360'),
(19, 'Kwideo', '73442 David Way', 'Vietnam', 'Automotive Aftermarket', '4435937953'),
(20, 'Realblab', '480 Arapahoe Trail', 'Thailand', 'Major Banks', '6108552466');

INSERT INTO PersonOfContact (firstName, email, phoneNumber, position, decisionMaker, prospect) VALUES
('Olwen Anstis', 'oanstis0@prlog.org', '4987121326', 'Accounting Assistant III', true, 20),
('Hollie Tidball', 'htidball1@mediafire.com', '4738223157', 'Data Coordiator', true, 4),
('Rosco Cadle', 'rcadle2@umn.edu', '7932623011', 'Financial Advisor', false, 11),
('Johannah Chadney', 'jchadney3@utexas.edu', '2208682549', 'Financial Analyst', true, 15),
('Gayelord Rings', 'grings4@shoppro.jp', '3131460239', 'Environmental Specialist', true, 3),
('Filia Scourfield', 'fscourfield5@tinypic.com', '1158087298', 'Account Executive', false, 9),
('Burton Curl', 'bcurl6@desdev.cn', '2382444603', 'Structural Engineer', true, 20),
('Britte Levington', 'blevington7@alexa.com', '3002833508', 'Tax Accountant', true, 16),
('Nicola Petronis', 'npetronis8@privacy.gov.au', '3265797672', 'Dental Hygienist', true, 13),
('Madonna Redley', 'mredley9@trellian.com', '9229199083', 'Senior Developer', false, 18),
('Ches Lettsom', 'clettsoma@cornell.edu', '1075276979', 'Research Nurse', true, 13),
('Auroora Quinn', 'aquinnb@webnode.com', '3552315144', 'Assistant Media Planner', false, 17),
('Antonie Hallihan', 'ahallihanc@spotify.com', '2621068632', 'Systems Administrator III', true, 1),
('Alex Schollar', 'aschollard@thetimes.co.uk', '5552503774', 'Information Systems Manager', false, 8),
('Arlyne Beaton', 'abeatone@java.com', '5624411152', 'Electrical Engineer', false, 12),
('Padgett Pappin', 'ppappinf@wunderground.com', '9299598715', 'Financial Advisor', true, 17),
('Robin Elener', 'relenerg@xing.com', '7078755730', 'Web Designer IV', true, 3),
('Derk Blayd', 'dblaydh@amazonaws.com', '9774820480', 'Recruiter', true, 20),
('Theo Bartles', 'tbartlesi@google.co.uk', '4077209719', 'Human Resources Manager', false, 20),
('Annetta Red', 'aredj@phoca.cz', '3474839295', 'Actuary', true, 19),
('Edi Bleasdille', 'ebleasdillek@wikipedia.org', '5545215890', 'Food Chemist', true, 7),
('Brandy Straneo', 'bstraneol@arizona.edu', '7975385259', 'Geologist II', true, 20),
('Napoleon Roxburch', 'nroxburchm@paginegialle.it', '3797123059', 'Software Test Engineer IV', true, 8),
('Colan Klee', 'ckleen@berkeley.edu', '1613918316', 'Cost Accountant', false, 15),
('Francyne Destouche', 'fdestoucheo@statcounter.com', '1523246796', 'Research Nurse', true, 15),
('Horace Cashley', 'hcashleyp@ustream.tv', '1213011658', 'Geological Engineer', true, 10),
('Frayda Lanceley', 'flanceleyq@weibo.com', '2511630766', 'Software Test Engineer I', true, 9),
('Constantina Joblin', 'cjoblinr@feedburner.com', '7014571717', 'Staff Accountant II', true, 13),
('Nady Boylund', 'nboylunds@freewebs.com', '1404015540', 'Director of Sales', true, 9),
('Norene Belt', 'nbeltt@a8.net', '4556764256', 'Developer II', false, 12),
('Broddy Richley', 'brichleyu@bing.com', '1865443609', 'Occupational Therapist', true, 19),
('Codi Mathevon', 'cmathevonv@bing.com', '3032298043', 'Research Assistant IV', true, 20),
('Terrill Benedicto', 'tbenedictow@opensource.org', '9639785654', 'VP Product Management', false, 15),
('Brigid Rea', 'breax@miitbeian.gov.cn', '7998549769', 'Account Representative III', false, 10),
('Cynde Towndrow', 'ctowndrowy@aol.com', '6676474379', 'Internal Auditor', true, 13),
('Dareen Mancktelow', 'dmancktelowz@arstechnica.com', '3632624673', 'Electrical Engineer', true, 12),
('Caprice Eusden', 'ceusden10@accuweather.com', '8821811760', 'Internal Auditor', true, 3),
('Kaja Bunclark', 'kbunclark11@omniture.com', '1967680723', 'Information Systems Manager', true, 3),
('Helli Nutbeem', 'hnutbeem12@msn.com', '7094850058', 'Assistant Professor', true, 8),
('Cordell Whatson', 'cwhatson13@fema.gov', '8617948023', 'Assistant Manager', true, 3),
('Odette Gregorio', 'ogregorio14@usa.gov', '1873804967', 'Senior Financial Analyst', false, 16),
('Kinnie Janicijevic', 'kjanicijevic15@scribd.com', '3459371275', 'Senior Sales Associate', true, 1),
('Llywellyn Crusham', 'lcrusham16@stanford.edu', '1014974638', 'Human Resources Assistant II', true, 1),
('Catha Wimmers', 'cwimmers17@jalbum.net', '5183112428', 'Chief Design Engineer', false, 11),
('Beltran Arrandale', 'barrandale18@sina.com.cn', '6289431409', 'Food Chemist', false, 12),
('Baxter Chatband', 'bchatband19@howstuffworks.com', '8686283549', 'Quality Control Specialist', false, 12),
('Jordain Walstow', 'jwalstow1a@last.fm', '5121681644', 'Statistician II', true, 15),
('Gunner Burstow', 'gburstow1b@artisteer.com', '4936910820', 'Help Desk Operator', false, 19),
('Darb Vasilchikov', 'dvasilchikov1c@blinklist.com', '4956721742', 'Analog Circuit Design manager', false, 9),
('Paolo Wiggett', 'pwiggett1d@linkedin.com', '1938979871', 'Biostatistician II', true, 8);

INSERT INTO Project (name, location, typeOfConstruction, investorType, projectType, containsDesign, projectStatus, prospect) VALUES
('Kling, Schoen and Swaniawski', 'Koryukivka', null, null, null, false, null, 8),
('HarveyCarter', 'Hebeitun', null, null, null, true, null, 8),
('Hane and Sons', 'Toulon', null, null, null, true, null, 11),
('Feeney and Sons', 'Panyarang', null, null, null, false, null, 2),
('Greenfelder, Cummings and Murphy', 'Lazaro Cardenas', null, null, null, true, null, 4),
('ErdmanMacejkovic', 'Sakai', null, null, null, true, null, 6),
('Murray, Dicki and Cronin', 'Xiliguantun', null, null, null, true, null, 18),
('HeidenreichUpton', 'Cortez', null, null, null, true, null, 9),
('McLaughlinQuitzon', 'Coruna, A', null, null, null, false, null, 18),
('KuhlmanRoob', 'Kantharalak', null, null, null, false, null, 3),
('Erdman and Sons', 'Thio', null, null, null, true, null, 16),
('Dibbert and Sons', 'Rasshevatskaya', null, null, null, true, null, 11),
('ErdmanNikolaus', 'Mawa', null, null, null, false, null, 8),
('Gibson, Roberts and Armstrong', 'High River', null, null, null, false, null, 6),
('Monahan, Windler and Tillman', 'Dongla', null, null, null, false, null, 9),
('Adams, DuBuque and Wunsch', 'Raleigh', null, null, null, false, null, 3),
('Rosenbaum Group', 'Paoy Pet', null, null, null, false, null, 4),
('Carter, Mertz and Satterfield', 'Satuek', null, null, null, false, null, 5),
('Goldner LLC', 'Wuyahe', null, null, null, true, null, 14),
('ArmstrongStehr', 'Thnh Ph B Ria', null, null, null, true, null, 6),
('Heidenreich, Nienow and Kuhn', 'Jombang', null, null, null, true, null, 11),
('Ortiz, Bogan and Murazik', 'Outlook', null, null, null, true, null, 7),
('Balistreri LLC', 'Xiashihao', null, null, null, true, null, 4),
('Bosco and Sons', 'Dalududalu', null, null, null, true, null, 12),
('PollichStanton', 'Zwolle', null, null, null, false, null, 17),
('MurphyOrtiz', 'Videira', null, null, null, false, null, 13),
('Langworth, Mohr and Waters', 'Metapan', null, null, null, false, null, 14),
('WilkinsonSchneider', 'Nal chik', null, null, null, false, null, 3),
('KlingBarton', 'Turgenevo', null, null, null, true, null, 11),
('RuntePadberg', 'Shanjiao', null, null, null, false, null, 18);
